,IIV HD,IIV ID,IIV IM,LAIV,age_group,base_overall_coverage,choice,exp_id,multiplier,overall_coverage
0,0.0,0.0,0.4634130781499202,0.5365869218500798,"[2,5)",0.681,LAIV,0,0.0325,0.7053750000000001
1,0.0,0.05248646507328669,0.9475135349267133,0.0,"[50,65)",0.453,IIV ID,0,0.0325,0.4733125
2,0.0,0.0,0.46155665024630543,0.5384433497536946,"[5,9)",0.61,LAIV,0,0.0325,0.634375
3,0.33,0.0,0.67,0.0,"[65,106)",0.65,BASE,0,0.0325,0.65
4,0.0,0.0,0.45885701377908283,0.5411429862209172,"[9,18)",0.529,LAIV,0,0.0325,0.5533750000000001
5,0.0,0.0,0.704,0.0,"[0.5,2)",0.704,BASE,0,0.0325,0.704
6,0.0,0.11867791842475406,0.8813220815752459,0.0,"[18,50)",0.323,IIV ID,0,0.0325,0.35550000000000004
7,0.0,0.0,0.4634130781499202,0.5365869218500798,"[2,5)",0.681,LAIV,1,0.0325,0.7053750000000001
8,0.0,0.05248646507328669,0.9475135349267133,0.0,"[50,65)",0.453,IIV ID,1,0.0325,0.4733125
9,0.0,0.0,0.46155665024630543,0.5384433497536946,"[5,9)",0.61,LAIV,1,0.0325,0.634375
10,0.33,0.0,0.67,0.0,"[65,106)",0.65,BASE,1,0.0325,0.65
11,0.0,0.0,0.45885701377908283,0.5411429862209172,"[9,18)",0.529,LAIV,1,0.0325,0.5533750000000001
12,0.0,0.0,0.704,0.0,"[0.5,2)",0.704,BASE,1,0.0325,0.704
13,0.0,0.0,0.8813220815752459,0.11867791842475406,"[18,50)",0.323,LAIV,1,0.0325,0.35550000000000004
14,0.0,0.0,0.4634130781499202,0.5365869218500798,"[2,5)",0.681,LAIV,2,0.0325,0.7053750000000001
15,0.0,0.05248646507328669,0.9475135349267133,0.0,"[50,65)",0.453,IIV ID,2,0.0325,0.4733125
16,0.0,0.0,0.46155665024630543,0.5384433497536946,"[5,9)",0.61,LAIV,2,0.0325,0.634375
17,0.33,0.0,0.67,0.0,"[65,106)",0.65,BASE,2,0.0325,0.65
18,0.0,0.0,0.45885701377908283,0.5411429862209172,"[9,18)",0.529,LAIV,2,0.0325,0.5533750000000001
19,0.0,0.0,0.704,0.0,"[0.5,2)",0.704,BASE,2,0.0325,0.704
20,0.0,0.01,0.97,0.02,"[18,50)",0.323,BASE,2,0.0325,0.323
21,0.0,0.0,0.4634130781499202,0.5365869218500798,"[2,5)",0.681,LAIV,3,0.0325,0.7053750000000001
22,0.0,0.05248646507328669,0.9475135349267133,0.0,"[50,65)",0.453,IIV ID,3,0.0325,0.4733125
23,0.0,0.0,0.46155665024630543,0.5384433497536946,"[5,9)",0.61,LAIV,3,0.0325,0.634375
24,0.33,0.0,0.67,0.0,"[65,106)",0.65,BASE,3,0.0325,0.65
25,0.0,0.0,0.48,0.52,"[9,18)",0.529,BASE,3,0.0325,0.529
26,0.0,0.0,0.704,0.0,"[0.5,2)",0.704,BASE,3,0.0325,0.704
27,0.0,0.11867791842475406,0.8813220815752459,0.0,"[18,50)",0.323,IIV ID,3,0.0325,0.35550000000000004
28,0.0,0.0,0.4634130781499202,0.5365869218500798,"[2,5)",0.681,LAIV,4,0.0325,0.7053750000000001
29,0.0,0.05248646507328669,0.9475135349267133,0.0,"[50,65)",0.453,IIV ID,4,0.0325,0.4733125
30,0.0,0.0,0.46155665024630543,0.5384433497536946,"[5,9)",0.61,LAIV,4,0.0325,0.634375
31,0.33,0.0,0.67,0.0,"[65,106)",0.65,BASE,4,0.0325,0.65
32,0.0,0.0,0.48,0.52,"[9,18)",0.529,BASE,4,0.0325,0.529
33,0.0,0.0,0.704,0.0,"[0.5,2)",0.704,BASE,4,0.0325,0.704
34,0.0,0.0,0.8813220815752459,0.11867791842475406,"[18,50)",0.323,LAIV,4,0.0325,0.35550000000000004
35,0.0,0.0,0.4634130781499202,0.5365869218500798,"[2,5)",0.681,LAIV,5,0.0325,0.7053750000000001
36,0.0,0.05248646507328669,0.9475135349267133,0.0,"[50,65)",0.453,IIV ID,5,0.0325,0.4733125
37,0.0,0.0,0.46155665024630543,0.5384433497536946,"[5,9)",0.61,LAIV,5,0.0325,0.634375
38,0.33,0.0,0.67,0.0,"[65,106)",0.65,BASE,5,0.0325,0.65
39,0.0,0.0,0.48,0.52,"[9,18)",0.529,BASE,5,0.0325,0.529
40,0.0,0.0,0.704,0.0,"[0.5,2)",0.704,BASE,5,0.0325,0.704
41,0.0,0.01,0.97,0.02,"[18,50)",0.323,BASE,5,0.0325,0.323
42,0.0,0.0,0.4634130781499202,0.5365869218500798,"[2,5)",0.681,LAIV,6,0.0325,0.7053750000000001
43,0.0,0.05248646507328669,0.9475135349267133,0.0,"[50,65)",0.453,IIV ID,6,0.0325,0.4733125
44,0.0,0.0,0.48,0.52,"[5,9)",0.61,BASE,6,0.0325,0.61
45,0.33,0.0,0.67,0.0,"[65,106)",0.65,BASE,6,0.0325,0.65
46,0.0,0.0,0.45885701377908283,0.5411429862209172,"[9,18)",0.529,LAIV,6,0.0325,0.5533750000000001
47,0.0,0.0,0.704,0.0,"[0.5,2)",0.704,BASE,6,0.0325,0.704
48,0.0,0.11867791842475406,0.8813220815752459,0.0,"[18,50)",0.323,IIV ID,6,0.0325,0.35550000000000004
49,0.0,0.0,0.4634130781499202,0.5365869218500798,"[2,5)",0.681,LAIV,7,0.0325,0.7053750000000001
50,0.0,0.05248646507328669,0.9475135349267133,0.0,"[50,65)",0.453,IIV ID,7,0.0325,0.4733125
51,0.0,0.0,0.48,0.52,"[5,9)",0.61,BASE,7,0.0325,0.61
52,0.33,0.0,0.67,0.0,"[65,106)",0.65,BASE,7,0.0325,0.65
53,0.0,0.0,0.45885701377908283,0.5411429862209172,"[9,18)",0.529,LAIV,7,0.0325,0.5533750000000001
54,0.0,0.0,0.704,0.0,"[0.5,2)",0.704,BASE,7,0.0325,0.704
55,0.0,0.0,0.8813220815752459,0.11867791842475406,"[18,50)",0.323,LAIV,7,0.0325,0.35550000000000004
56,0.0,0.0,0.4634130781499202,0.5365869218500798,"[2,5)",0.681,LAIV,8,0.0325,0.7053750000000001
57,0.0,0.05248646507328669,0.9475135349267133,0.0,"[50,65)",0.453,IIV ID,8,0.0325,0.4733125
58,0.0,0.0,0.48,0.52,"[5,9)",0.61,BASE,8,0.0325,0.61
59,0.33,0.0,0.67,0.0,"[65,106)",0.65,BASE,8,0.0325,0.65
60,0.0,0.0,0.45885701377908283,0.5411429862209172,"[9,18)",0.529,LAIV,8,0.0325,0.5533750000000001
61,0.0,0.0,0.704,0.0,"[0.5,2)",0.704,BASE,8,0.0325,0.704
62,0.0,0.01,0.97,0.02,"[18,50)",0.323,BASE,8,0.0325,0.323
63,0.0,0.0,0.4634130781499202,0.5365869218500798,"[2,5)",0.681,LAIV,9,0.0325,0.7053750000000001
64,0.0,0.05248646507328669,0.9475135349267133,0.0,"[50,65)",0.453,IIV ID,9,0.0325,0.4733125
65,0.0,0.0,0.48,0.52,"[5,9)",0.61,BASE,9,0.0325,0.61
66,0.33,0.0,0.67,0.0,"[65,106)",0.65,BASE,9,0.0325,0.65
67,0.0,0.0,0.48,0.52,"[9,18)",0.529,BASE,9,0.0325,0.529
68,0.0,0.0,0.704,0.0,"[0.5,2)",0.704,BASE,9,0.0325,0.704
69,0.0,0.11867791842475406,0.8813220815752459,0.0,"[18,50)",0.323,IIV ID,9,0.0325,0.35550000000000004
70,0.0,0.0,0.4634130781499202,0.5365869218500798,"[2,5)",0.681,LAIV,10,0.0325,0.7053750000000001
71,0.0,0.05248646507328669,0.9475135349267133,0.0,"[50,65)",0.453,IIV ID,10,0.0325,0.4733125
72,0.0,0.0,0.48,0.52,"[5,9)",0.61,BASE,10,0.0325,0.61
73,0.33,0.0,0.67,0.0,"[65,106)",0.65,BASE,10,0.0325,0.65
74,0.0,0.0,0.48,0.52,"[9,18)",0.529,BASE,10,0.0325,0.529
75,0.0,0.0,0.704,0.0,"[0.5,2)",0.704,BASE,10,0.0325,0.704
76,0.0,0.0,0.8813220815752459,0.11867791842475406,"[18,50)",0.323,LAIV,10,0.0325,0.35550000000000004
77,0.0,0.0,0.4634130781499202,0.5365869218500798,"[2,5)",0.681,LAIV,11,0.0325,0.7053750000000001
78,0.0,0.05248646507328669,0.9475135349267133,0.0,"[50,65)",0.453,IIV ID,11,0.0325,0.4733125
79,0.0,0.0,0.48,0.52,"[5,9)",0.61,BASE,11,0.0325,0.61
80,0.33,0.0,0.67,0.0,"[65,106)",0.65,BASE,11,0.0325,0.65
81,0.0,0.0,0.48,0.52,"[9,18)",0.529,BASE,11,0.0325,0.529
82,0.0,0.0,0.704,0.0,"[0.5,2)",0.704,BASE,11,0.0325,0.704
83,0.0,0.01,0.97,0.02,"[18,50)",0.323,BASE,11,0.0325,0.323
84,0.0,0.0,0.4634130781499202,0.5365869218500798,"[2,5)",0.681,LAIV,12,0.0325,0.7053750000000001
85,0.0,0.01,0.99,0.0,"[50,65)",0.453,BASE,12,0.0325,0.453
86,0.0,0.0,0.46155665024630543,0.5384433497536946,"[5,9)",0.61,LAIV,12,0.0325,0.634375
87,0.33,0.0,0.67,0.0,"[65,106)",0.65,BASE,12,0.0325,0.65
88,0.0,0.0,0.45885701377908283,0.5411429862209172,"[9,18)",0.529,LAIV,12,0.0325,0.5533750000000001
89,0.0,0.0,0.704,0.0,"[0.5,2)",0.704,BASE,12,0.0325,0.704
90,0.0,0.11867791842475406,0.8813220815752459,0.0,"[18,50)",0.323,IIV ID,12,0.0325,0.35550000000000004
91,0.0,0.0,0.4634130781499202,0.5365869218500798,"[2,5)",0.681,LAIV,13,0.0325,0.7053750000000001
92,0.0,0.01,0.99,0.0,"[50,65)",0.453,BASE,13,0.0325,0.453
93,0.0,0.0,0.46155665024630543,0.5384433497536946,"[5,9)",0.61,LAIV,13,0.0325,0.634375
94,0.33,0.0,0.67,0.0,"[65,106)",0.65,BASE,13,0.0325,0.65
95,0.0,0.0,0.45885701377908283,0.5411429862209172,"[9,18)",0.529,LAIV,13,0.0325,0.5533750000000001
96,0.0,0.0,0.704,0.0,"[0.5,2)",0.704,BASE,13,0.0325,0.704
97,0.0,0.0,0.8813220815752459,0.11867791842475406,"[18,50)",0.323,LAIV,13,0.0325,0.35550000000000004
98,0.0,0.0,0.4634130781499202,0.5365869218500798,"[2,5)",0.681,LAIV,14,0.0325,0.7053750000000001
99,0.0,0.01,0.99,0.0,"[50,65)",0.453,BASE,14,0.0325,0.453
100,0.0,0.0,0.46155665024630543,0.5384433497536946,"[5,9)",0.61,LAIV,14,0.0325,0.634375
101,0.33,0.0,0.67,0.0,"[65,106)",0.65,BASE,14,0.0325,0.65
102,0.0,0.0,0.45885701377908283,0.5411429862209172,"[9,18)",0.529,LAIV,14,0.0325,0.5533750000000001
103,0.0,0.0,0.704,0.0,"[0.5,2)",0.704,BASE,14,0.0325,0.704
104,0.0,0.01,0.97,0.02,"[18,50)",0.323,BASE,14,0.0325,0.323
105,0.0,0.0,0.4634130781499202,0.5365869218500798,"[2,5)",0.681,LAIV,15,0.0325,0.7053750000000001
106,0.0,0.01,0.99,0.0,"[50,65)",0.453,BASE,15,0.0325,0.453
107,0.0,0.0,0.46155665024630543,0.5384433497536946,"[5,9)",0.61,LAIV,15,0.0325,0.634375
108,0.33,0.0,0.67,0.0,"[65,106)",0.65,BASE,15,0.0325,0.65
109,0.0,0.0,0.48,0.52,"[9,18)",0.529,BASE,15,0.0325,0.529
110,0.0,0.0,0.704,0.0,"[0.5,2)",0.704,BASE,15,0.0325,0.704
111,0.0,0.11867791842475406,0.8813220815752459,0.0,"[18,50)",0.323,IIV ID,15,0.0325,0.35550000000000004
112,0.0,0.0,0.4634130781499202,0.5365869218500798,"[2,5)",0.681,LAIV,16,0.0325,0.7053750000000001
113,0.0,0.01,0.99,0.0,"[50,65)",0.453,BASE,16,0.0325,0.453
114,0.0,0.0,0.46155665024630543,0.5384433497536946,"[5,9)",0.61,LAIV,16,0.0325,0.634375
115,0.33,0.0,0.67,0.0,"[65,106)",0.65,BASE,16,0.0325,0.65
116,0.0,0.0,0.48,0.52,"[9,18)",0.529,BASE,16,0.0325,0.529
117,0.0,0.0,0.704,0.0,"[0.5,2)",0.704,BASE,16,0.0325,0.704
118,0.0,0.0,0.8813220815752459,0.11867791842475406,"[18,50)",0.323,LAIV,16,0.0325,0.35550000000000004
119,0.0,0.0,0.4634130781499202,0.5365869218500798,"[2,5)",0.681,LAIV,17,0.0325,0.7053750000000001
120,0.0,0.01,0.99,0.0,"[50,65)",0.453,BASE,17,0.0325,0.453
121,0.0,0.0,0.46155665024630543,0.5384433497536946,"[5,9)",0.61,LAIV,17,0.0325,0.634375
122,0.33,0.0,0.67,0.0,"[65,106)",0.65,BASE,17,0.0325,0.65
123,0.0,0.0,0.48,0.52,"[9,18)",0.529,BASE,17,0.0325,0.529
124,0.0,0.0,0.704,0.0,"[0.5,2)",0.704,BASE,17,0.0325,0.704
125,0.0,0.01,0.97,0.02,"[18,50)",0.323,BASE,17,0.0325,0.323
126,0.0,0.0,0.4634130781499202,0.5365869218500798,"[2,5)",0.681,LAIV,18,0.0325,0.7053750000000001
127,0.0,0.01,0.99,0.0,"[50,65)",0.453,BASE,18,0.0325,0.453
128,0.0,0.0,0.48,0.52,"[5,9)",0.61,BASE,18,0.0325,0.61
129,0.33,0.0,0.67,0.0,"[65,106)",0.65,BASE,18,0.0325,0.65
130,0.0,0.0,0.45885701377908283,0.5411429862209172,"[9,18)",0.529,LAIV,18,0.0325,0.5533750000000001
131,0.0,0.0,0.704,0.0,"[0.5,2)",0.704,BASE,18,0.0325,0.704
132,0.0,0.11867791842475406,0.8813220815752459,0.0,"[18,50)",0.323,IIV ID,18,0.0325,0.35550000000000004
133,0.0,0.0,0.4634130781499202,0.5365869218500798,"[2,5)",0.681,LAIV,19,0.0325,0.7053750000000001
134,0.0,0.01,0.99,0.0,"[50,65)",0.453,BASE,19,0.0325,0.453
135,0.0,0.0,0.48,0.52,"[5,9)",0.61,BASE,19,0.0325,0.61
136,0.33,0.0,0.67,0.0,"[65,106)",0.65,BASE,19,0.0325,0.65
137,0.0,0.0,0.45885701377908283,0.5411429862209172,"[9,18)",0.529,LAIV,19,0.0325,0.5533750000000001
138,0.0,0.0,0.704,0.0,"[0.5,2)",0.704,BASE,19,0.0325,0.704
139,0.0,0.0,0.8813220815752459,0.11867791842475406,"[18,50)",0.323,LAIV,19,0.0325,0.35550000000000004
140,0.0,0.0,0.4634130781499202,0.5365869218500798,"[2,5)",0.681,LAIV,20,0.0325,0.7053750000000001
141,0.0,0.01,0.99,0.0,"[50,65)",0.453,BASE,20,0.0325,0.453
142,0.0,0.0,0.48,0.52,"[5,9)",0.61,BASE,20,0.0325,0.61
143,0.33,0.0,0.67,0.0,"[65,106)",0.65,BASE,20,0.0325,0.65
144,0.0,0.0,0.45885701377908283,0.5411429862209172,"[9,18)",0.529,LAIV,20,0.0325,0.5533750000000001
145,0.0,0.0,0.704,0.0,"[0.5,2)",0.704,BASE,20,0.0325,0.704
146,0.0,0.01,0.97,0.02,"[18,50)",0.323,BASE,20,0.0325,0.323
147,0.0,0.0,0.4634130781499202,0.5365869218500798,"[2,5)",0.681,LAIV,21,0.0325,0.7053750000000001
148,0.0,0.01,0.99,0.0,"[50,65)",0.453,BASE,21,0.0325,0.453
149,0.0,0.0,0.48,0.52,"[5,9)",0.61,BASE,21,0.0325,0.61
150,0.33,0.0,0.67,0.0,"[65,106)",0.65,BASE,21,0.0325,0.65
151,0.0,0.0,0.48,0.52,"[9,18)",0.529,BASE,21,0.0325,0.529
152,0.0,0.0,0.704,0.0,"[0.5,2)",0.704,BASE,21,0.0325,0.704
153,0.0,0.11867791842475406,0.8813220815752459,0.0,"[18,50)",0.323,IIV ID,21,0.0325,0.35550000000000004
154,0.0,0.0,0.4634130781499202,0.5365869218500798,"[2,5)",0.681,LAIV,22,0.0325,0.7053750000000001
155,0.0,0.01,0.99,0.0,"[50,65)",0.453,BASE,22,0.0325,0.453
156,0.0,0.0,0.48,0.52,"[5,9)",0.61,BASE,22,0.0325,0.61
157,0.33,0.0,0.67,0.0,"[65,106)",0.65,BASE,22,0.0325,0.65
158,0.0,0.0,0.48,0.52,"[9,18)",0.529,BASE,22,0.0325,0.529
159,0.0,0.0,0.704,0.0,"[0.5,2)",0.704,BASE,22,0.0325,0.704
160,0.0,0.0,0.8813220815752459,0.11867791842475406,"[18,50)",0.323,LAIV,22,0.0325,0.35550000000000004
161,0.0,0.0,0.4634130781499202,0.5365869218500798,"[2,5)",0.681,LAIV,23,0.0325,0.7053750000000001
162,0.0,0.01,0.99,0.0,"[50,65)",0.453,BASE,23,0.0325,0.453
163,0.0,0.0,0.48,0.52,"[5,9)",0.61,BASE,23,0.0325,0.61
164,0.33,0.0,0.67,0.0,"[65,106)",0.65,BASE,23,0.0325,0.65
165,0.0,0.0,0.48,0.52,"[9,18)",0.529,BASE,23,0.0325,0.529
166,0.0,0.0,0.704,0.0,"[0.5,2)",0.704,BASE,23,0.0325,0.704
167,0.0,0.01,0.97,0.02,"[18,50)",0.323,BASE,23,0.0325,0.323
168,0.0,0.0,0.48,0.52,"[2,5)",0.681,BASE,24,0.0325,0.681
169,0.0,0.05248646507328669,0.9475135349267133,0.0,"[50,65)",0.453,IIV ID,24,0.0325,0.4733125
170,0.0,0.0,0.46155665024630543,0.5384433497536946,"[5,9)",0.61,LAIV,24,0.0325,0.634375
171,0.33,0.0,0.67,0.0,"[65,106)",0.65,BASE,24,0.0325,0.65
172,0.0,0.0,0.45885701377908283,0.5411429862209172,"[9,18)",0.529,LAIV,24,0.0325,0.5533750000000001
173,0.0,0.0,0.704,0.0,"[0.5,2)",0.704,BASE,24,0.0325,0.704
174,0.0,0.11867791842475406,0.8813220815752459,0.0,"[18,50)",0.323,IIV ID,24,0.0325,0.35550000000000004
175,0.0,0.0,0.48,0.52,"[2,5)",0.681,BASE,25,0.0325,0.681
176,0.0,0.05248646507328669,0.9475135349267133,0.0,"[50,65)",0.453,IIV ID,25,0.0325,0.4733125
177,0.0,0.0,0.46155665024630543,0.5384433497536946,"[5,9)",0.61,LAIV,25,0.0325,0.634375
178,0.33,0.0,0.67,0.0,"[65,106)",0.65,BASE,25,0.0325,0.65
179,0.0,0.0,0.45885701377908283,0.5411429862209172,"[9,18)",0.529,LAIV,25,0.0325,0.5533750000000001
180,0.0,0.0,0.704,0.0,"[0.5,2)",0.704,BASE,25,0.0325,0.704
181,0.0,0.0,0.8813220815752459,0.11867791842475406,"[18,50)",0.323,LAIV,25,0.0325,0.35550000000000004
182,0.0,0.0,0.48,0.52,"[2,5)",0.681,BASE,26,0.0325,0.681
183,0.0,0.05248646507328669,0.9475135349267133,0.0,"[50,65)",0.453,IIV ID,26,0.0325,0.4733125
184,0.0,0.0,0.46155665024630543,0.5384433497536946,"[5,9)",0.61,LAIV,26,0.0325,0.634375
185,0.33,0.0,0.67,0.0,"[65,106)",0.65,BASE,26,0.0325,0.65
186,0.0,0.0,0.45885701377908283,0.5411429862209172,"[9,18)",0.529,LAIV,26,0.0325,0.5533750000000001
187,0.0,0.0,0.704,0.0,"[0.5,2)",0.704,BASE,26,0.0325,0.704
188,0.0,0.01,0.97,0.02,"[18,50)",0.323,BASE,26,0.0325,0.323
189,0.0,0.0,0.48,0.52,"[2,5)",0.681,BASE,27,0.0325,0.681
190,0.0,0.05248646507328669,0.9475135349267133,0.0,"[50,65)",0.453,IIV ID,27,0.0325,0.4733125
191,0.0,0.0,0.46155665024630543,0.5384433497536946,"[5,9)",0.61,LAIV,27,0.0325,0.634375
192,0.33,0.0,0.67,0.0,"[65,106)",0.65,BASE,27,0.0325,0.65
193,0.0,0.0,0.48,0.52,"[9,18)",0.529,BASE,27,0.0325,0.529
194,0.0,0.0,0.704,0.0,"[0.5,2)",0.704,BASE,27,0.0325,0.704
195,0.0,0.11867791842475406,0.8813220815752459,0.0,"[18,50)",0.323,IIV ID,27,0.0325,0.35550000000000004
196,0.0,0.0,0.48,0.52,"[2,5)",0.681,BASE,28,0.0325,0.681
197,0.0,0.05248646507328669,0.9475135349267133,0.0,"[50,65)",0.453,IIV ID,28,0.0325,0.4733125
198,0.0,0.0,0.46155665024630543,0.5384433497536946,"[5,9)",0.61,LAIV,28,0.0325,0.634375
199,0.33,0.0,0.67,0.0,"[65,106)",0.65,BASE,28,0.0325,0.65
200,0.0,0.0,0.48,0.52,"[9,18)",0.529,BASE,28,0.0325,0.529
201,0.0,0.0,0.704,0.0,"[0.5,2)",0.704,BASE,28,0.0325,0.704
202,0.0,0.0,0.8813220815752459,0.11867791842475406,"[18,50)",0.323,LAIV,28,0.0325,0.35550000000000004
203,0.0,0.0,0.48,0.52,"[2,5)",0.681,BASE,29,0.0325,0.681
204,0.0,0.05248646507328669,0.9475135349267133,0.0,"[50,65)",0.453,IIV ID,29,0.0325,0.4733125
205,0.0,0.0,0.46155665024630543,0.5384433497536946,"[5,9)",0.61,LAIV,29,0.0325,0.634375
206,0.33,0.0,0.67,0.0,"[65,106)",0.65,BASE,29,0.0325,0.65
207,0.0,0.0,0.48,0.52,"[9,18)",0.529,BASE,29,0.0325,0.529
208,0.0,0.0,0.704,0.0,"[0.5,2)",0.704,BASE,29,0.0325,0.704
209,0.0,0.01,0.97,0.02,"[18,50)",0.323,BASE,29,0.0325,0.323
210,0.0,0.0,0.48,0.52,"[2,5)",0.681,BASE,30,0.0325,0.681
211,0.0,0.05248646507328669,0.9475135349267133,0.0,"[50,65)",0.453,IIV ID,30,0.0325,0.4733125
212,0.0,0.0,0.48,0.52,"[5,9)",0.61,BASE,30,0.0325,0.61
213,0.33,0.0,0.67,0.0,"[65,106)",0.65,BASE,30,0.0325,0.65
214,0.0,0.0,0.45885701377908283,0.5411429862209172,"[9,18)",0.529,LAIV,30,0.0325,0.5533750000000001
215,0.0,0.0,0.704,0.0,"[0.5,2)",0.704,BASE,30,0.0325,0.704
216,0.0,0.11867791842475406,0.8813220815752459,0.0,"[18,50)",0.323,IIV ID,30,0.0325,0.35550000000000004
217,0.0,0.0,0.48,0.52,"[2,5)",0.681,BASE,31,0.0325,0.681
218,0.0,0.05248646507328669,0.9475135349267133,0.0,"[50,65)",0.453,IIV ID,31,0.0325,0.4733125
219,0.0,0.0,0.48,0.52,"[5,9)",0.61,BASE,31,0.0325,0.61
220,0.33,0.0,0.67,0.0,"[65,106)",0.65,BASE,31,0.0325,0.65
221,0.0,0.0,0.45885701377908283,0.5411429862209172,"[9,18)",0.529,LAIV,31,0.0325,0.5533750000000001
222,0.0,0.0,0.704,0.0,"[0.5,2)",0.704,BASE,31,0.0325,0.704
223,0.0,0.0,0.8813220815752459,0.11867791842475406,"[18,50)",0.323,LAIV,31,0.0325,0.35550000000000004
224,0.0,0.0,0.48,0.52,"[2,5)",0.681,BASE,32,0.0325,0.681
225,0.0,0.05248646507328669,0.9475135349267133,0.0,"[50,65)",0.453,IIV ID,32,0.0325,0.4733125
226,0.0,0.0,0.48,0.52,"[5,9)",0.61,BASE,32,0.0325,0.61
227,0.33,0.0,0.67,0.0,"[65,106)",0.65,BASE,32,0.0325,0.65
228,0.0,0.0,0.45885701377908283,0.5411429862209172,"[9,18)",0.529,LAIV,32,0.0325,0.5533750000000001
229,0.0,0.0,0.704,0.0,"[0.5,2)",0.704,BASE,32,0.0325,0.704
230,0.0,0.01,0.97,0.02,"[18,50)",0.323,BASE,32,0.0325,0.323
231,0.0,0.0,0.48,0.52,"[2,5)",0.681,BASE,33,0.0325,0.681
232,0.0,0.05248646507328669,0.9475135349267133,0.0,"[50,65)",0.453,IIV ID,33,0.0325,0.4733125
233,0.0,0.0,0.48,0.52,"[5,9)",0.61,BASE,33,0.0325,0.61
234,0.33,0.0,0.67,0.0,"[65,106)",0.65,BASE,33,0.0325,0.65
235,0.0,0.0,0.48,0.52,"[9,18)",0.529,BASE,33,0.0325,0.529
236,0.0,0.0,0.704,0.0,"[0.5,2)",0.704,BASE,33,0.0325,0.704
237,0.0,0.11867791842475406,0.8813220815752459,0.0,"[18,50)",0.323,IIV ID,33,0.0325,0.35550000000000004
238,0.0,0.0,0.48,0.52,"[2,5)",0.681,BASE,34,0.0325,0.681
239,0.0,0.05248646507328669,0.9475135349267133,0.0,"[50,65)",0.453,IIV ID,34,0.0325,0.4733125
240,0.0,0.0,0.48,0.52,"[5,9)",0.61,BASE,34,0.0325,0.61
241,0.33,0.0,0.67,0.0,"[65,106)",0.65,BASE,34,0.0325,0.65
242,0.0,0.0,0.48,0.52,"[9,18)",0.529,BASE,34,0.0325,0.529
243,0.0,0.0,0.704,0.0,"[0.5,2)",0.704,BASE,34,0.0325,0.704
244,0.0,0.0,0.8813220815752459,0.11867791842475406,"[18,50)",0.323,LAIV,34,0.0325,0.35550000000000004
245,0.0,0.0,0.48,0.52,"[2,5)",0.681,BASE,35,0.0325,0.681
246,0.0,0.05248646507328669,0.9475135349267133,0.0,"[50,65)",0.453,IIV ID,35,0.0325,0.4733125
247,0.0,0.0,0.48,0.52,"[5,9)",0.61,BASE,35,0.0325,0.61
248,0.33,0.0,0.67,0.0,"[65,106)",0.65,BASE,35,0.0325,0.65
249,0.0,0.0,0.48,0.52,"[9,18)",0.529,BASE,35,0.0325,0.529
250,0.0,0.0,0.704,0.0,"[0.5,2)",0.704,BASE,35,0.0325,0.704
251,0.0,0.01,0.97,0.02,"[18,50)",0.323,BASE,35,0.0325,0.323
252,0.0,0.0,0.48,0.52,"[2,5)",0.681,BASE,36,0.0325,0.681
253,0.0,0.01,0.99,0.0,"[50,65)",0.453,BASE,36,0.0325,0.453
254,0.0,0.0,0.46155665024630543,0.5384433497536946,"[5,9)",0.61,LAIV,36,0.0325,0.634375
255,0.33,0.0,0.67,0.0,"[65,106)",0.65,BASE,36,0.0325,0.65
256,0.0,0.0,0.45885701377908283,0.5411429862209172,"[9,18)",0.529,LAIV,36,0.0325,0.5533750000000001
257,0.0,0.0,0.704,0.0,"[0.5,2)",0.704,BASE,36,0.0325,0.704
258,0.0,0.11867791842475406,0.8813220815752459,0.0,"[18,50)",0.323,IIV ID,36,0.0325,0.35550000000000004
259,0.0,0.0,0.48,0.52,"[2,5)",0.681,BASE,37,0.0325,0.681
260,0.0,0.01,0.99,0.0,"[50,65)",0.453,BASE,37,0.0325,0.453
261,0.0,0.0,0.46155665024630543,0.5384433497536946,"[5,9)",0.61,LAIV,37,0.0325,0.634375
262,0.33,0.0,0.67,0.0,"[65,106)",0.65,BASE,37,0.0325,0.65
263,0.0,0.0,0.45885701377908283,0.5411429862209172,"[9,18)",0.529,LAIV,37,0.0325,0.5533750000000001
264,0.0,0.0,0.704,0.0,"[0.5,2)",0.704,BASE,37,0.0325,0.704
265,0.0,0.0,0.8813220815752459,0.11867791842475406,"[18,50)",0.323,LAIV,37,0.0325,0.35550000000000004
266,0.0,0.0,0.48,0.52,"[2,5)",0.681,BASE,38,0.0325,0.681
267,0.0,0.01,0.99,0.0,"[50,65)",0.453,BASE,38,0.0325,0.453
268,0.0,0.0,0.46155665024630543,0.5384433497536946,"[5,9)",0.61,LAIV,38,0.0325,0.634375
269,0.33,0.0,0.67,0.0,"[65,106)",0.65,BASE,38,0.0325,0.65
270,0.0,0.0,0.45885701377908283,0.5411429862209172,"[9,18)",0.529,LAIV,38,0.0325,0.5533750000000001
271,0.0,0.0,0.704,0.0,"[0.5,2)",0.704,BASE,38,0.0325,0.704
272,0.0,0.01,0.97,0.02,"[18,50)",0.323,BASE,38,0.0325,0.323
273,0.0,0.0,0.48,0.52,"[2,5)",0.681,BASE,39,0.0325,0.681
274,0.0,0.01,0.99,0.0,"[50,65)",0.453,BASE,39,0.0325,0.453
275,0.0,0.0,0.46155665024630543,0.5384433497536946,"[5,9)",0.61,LAIV,39,0.0325,0.634375
276,0.33,0.0,0.67,0.0,"[65,106)",0.65,BASE,39,0.0325,0.65
277,0.0,0.0,0.48,0.52,"[9,18)",0.529,BASE,39,0.0325,0.529
278,0.0,0.0,0.704,0.0,"[0.5,2)",0.704,BASE,39,0.0325,0.704
279,0.0,0.11867791842475406,0.8813220815752459,0.0,"[18,50)",0.323,IIV ID,39,0.0325,0.35550000000000004
280,0.0,0.0,0.48,0.52,"[2,5)",0.681,BASE,40,0.0325,0.681
281,0.0,0.01,0.99,0.0,"[50,65)",0.453,BASE,40,0.0325,0.453
282,0.0,0.0,0.46155665024630543,0.5384433497536946,"[5,9)",0.61,LAIV,40,0.0325,0.634375
283,0.33,0.0,0.67,0.0,"[65,106)",0.65,BASE,40,0.0325,0.65
284,0.0,0.0,0.48,0.52,"[9,18)",0.529,BASE,40,0.0325,0.529
285,0.0,0.0,0.704,0.0,"[0.5,2)",0.704,BASE,40,0.0325,0.704
286,0.0,0.0,0.8813220815752459,0.11867791842475406,"[18,50)",0.323,LAIV,40,0.0325,0.35550000000000004
287,0.0,0.0,0.48,0.52,"[2,5)",0.681,BASE,41,0.0325,0.681
288,0.0,0.01,0.99,0.0,"[50,65)",0.453,BASE,41,0.0325,0.453
289,0.0,0.0,0.46155665024630543,0.5384433497536946,"[5,9)",0.61,LAIV,41,0.0325,0.634375
290,0.33,0.0,0.67,0.0,"[65,106)",0.65,BASE,41,0.0325,0.65
291,0.0,0.0,0.48,0.52,"[9,18)",0.529,BASE,41,0.0325,0.529
292,0.0,0.0,0.704,0.0,"[0.5,2)",0.704,BASE,41,0.0325,0.704
293,0.0,0.01,0.97,0.02,"[18,50)",0.323,BASE,41,0.0325,0.323
294,0.0,0.0,0.48,0.52,"[2,5)",0.681,BASE,42,0.0325,0.681
295,0.0,0.01,0.99,0.0,"[50,65)",0.453,BASE,42,0.0325,0.453
296,0.0,0.0,0.48,0.52,"[5,9)",0.61,BASE,42,0.0325,0.61
297,0.33,0.0,0.67,0.0,"[65,106)",0.65,BASE,42,0.0325,0.65
298,0.0,0.0,0.45885701377908283,0.5411429862209172,"[9,18)",0.529,LAIV,42,0.0325,0.5533750000000001
299,0.0,0.0,0.704,0.0,"[0.5,2)",0.704,BASE,42,0.0325,0.704
300,0.0,0.11867791842475406,0.8813220815752459,0.0,"[18,50)",0.323,IIV ID,42,0.0325,0.35550000000000004
301,0.0,0.0,0.48,0.52,"[2,5)",0.681,BASE,43,0.0325,0.681
302,0.0,0.01,0.99,0.0,"[50,65)",0.453,BASE,43,0.0325,0.453
303,0.0,0.0,0.48,0.52,"[5,9)",0.61,BASE,43,0.0325,0.61
304,0.33,0.0,0.67,0.0,"[65,106)",0.65,BASE,43,0.0325,0.65
305,0.0,0.0,0.45885701377908283,0.5411429862209172,"[9,18)",0.529,LAIV,43,0.0325,0.5533750000000001
306,0.0,0.0,0.704,0.0,"[0.5,2)",0.704,BASE,43,0.0325,0.704
307,0.0,0.0,0.8813220815752459,0.11867791842475406,"[18,50)",0.323,LAIV,43,0.0325,0.35550000000000004
308,0.0,0.0,0.48,0.52,"[2,5)",0.681,BASE,44,0.0325,0.681
309,0.0,0.01,0.99,0.0,"[50,65)",0.453,BASE,44,0.0325,0.453
310,0.0,0.0,0.48,0.52,"[5,9)",0.61,BASE,44,0.0325,0.61
311,0.33,0.0,0.67,0.0,"[65,106)",0.65,BASE,44,0.0325,0.65
312,0.0,0.0,0.45885701377908283,0.5411429862209172,"[9,18)",0.529,LAIV,44,0.0325,0.5533750000000001
313,0.0,0.0,0.704,0.0,"[0.5,2)",0.704,BASE,44,0.0325,0.704
314,0.0,0.01,0.97,0.02,"[18,50)",0.323,BASE,44,0.0325,0.323
315,0.0,0.0,0.48,0.52,"[2,5)",0.681,BASE,45,0.0325,0.681
316,0.0,0.01,0.99,0.0,"[50,65)",0.453,BASE,45,0.0325,0.453
317,0.0,0.0,0.48,0.52,"[5,9)",0.61,BASE,45,0.0325,0.61
318,0.33,0.0,0.67,0.0,"[65,106)",0.65,BASE,45,0.0325,0.65
319,0.0,0.0,0.48,0.52,"[9,18)",0.529,BASE,45,0.0325,0.529
320,0.0,0.0,0.704,0.0,"[0.5,2)",0.704,BASE,45,0.0325,0.704
321,0.0,0.11867791842475406,0.8813220815752459,0.0,"[18,50)",0.323,IIV ID,45,0.0325,0.35550000000000004
322,0.0,0.0,0.48,0.52,"[2,5)",0.681,BASE,46,0.0325,0.681
323,0.0,0.01,0.99,0.0,"[50,65)",0.453,BASE,46,0.0325,0.453
324,0.0,0.0,0.48,0.52,"[5,9)",0.61,BASE,46,0.0325,0.61
325,0.33,0.0,0.67,0.0,"[65,106)",0.65,BASE,46,0.0325,0.65
326,0.0,0.0,0.48,0.52,"[9,18)",0.529,BASE,46,0.0325,0.529
327,0.0,0.0,0.704,0.0,"[0.5,2)",0.704,BASE,46,0.0325,0.704
328,0.0,0.0,0.8813220815752459,0.11867791842475406,"[18,50)",0.323,LAIV,46,0.0325,0.35550000000000004
329,0.0,0.0,0.48,0.52,"[2,5)",0.681,BASE,47,0.0325,0.681
330,0.0,0.01,0.99,0.0,"[50,65)",0.453,BASE,47,0.0325,0.453
331,0.0,0.0,0.48,0.52,"[5,9)",0.61,BASE,47,0.0325,0.61
332,0.33,0.0,0.67,0.0,"[65,106)",0.65,BASE,47,0.0325,0.65
333,0.0,0.0,0.48,0.52,"[9,18)",0.529,BASE,47,0.0325,0.529
334,0.0,0.0,0.704,0.0,"[0.5,2)",0.704,BASE,47,0.0325,0.704
335,0.0,0.01,0.97,0.02,"[18,50)",0.323,BASE,47,0.0325,0.323
336,0.0,0.0,0.447934224049332,0.552065775950668,"[2,5)",0.681,LAIV,48,0.065,0.72975
337,0.0,0.09147632311977716,0.9085236768802228,0.0,"[50,65)",0.453,IIV ID,48,0.065,0.49362500000000004
338,0.0,0.0,0.4444781783681215,0.5555218216318785,"[5,9)",0.61,LAIV,48,0.065,0.65875
339,0.33,0.0,0.67,0.0,"[65,106)",0.65,BASE,48,0.065,0.65
340,0.0,0.0,0.4394980527909995,0.5605019472090005,"[9,18)",0.529,LAIV,48,0.065,0.57775
341,0.0,0.0,0.704,0.0,"[0.5,2)",0.704,BASE,48,0.065,0.704
342,0.0,0.19250000000000012,0.8074999999999999,0.0,"[18,50)",0.323,IIV ID,48,0.065,0.388
343,0.0,0.0,0.447934224049332,0.552065775950668,"[2,5)",0.681,LAIV,49,0.065,0.72975
344,0.0,0.09147632311977716,0.9085236768802228,0.0,"[50,65)",0.453,IIV ID,49,0.065,0.49362500000000004
345,0.0,0.0,0.4444781783681215,0.5555218216318785,"[5,9)",0.61,LAIV,49,0.065,0.65875
346,0.33,0.0,0.67,0.0,"[65,106)",0.65,BASE,49,0.065,0.65
347,0.0,0.0,0.4394980527909995,0.5605019472090005,"[9,18)",0.529,LAIV,49,0.065,0.57775
348,0.0,0.0,0.704,0.0,"[0.5,2)",0.704,BASE,49,0.065,0.704
349,0.0,0.0,0.8074999999999999,0.19250000000000012,"[18,50)",0.323,LAIV,49,0.065,0.388
350,0.0,0.0,0.447934224049332,0.552065775950668,"[2,5)",0.681,LAIV,50,0.065,0.72975
351,0.0,0.09147632311977716,0.9085236768802228,0.0,"[50,65)",0.453,IIV ID,50,0.065,0.49362500000000004
352,0.0,0.0,0.4444781783681215,0.5555218216318785,"[5,9)",0.61,LAIV,50,0.065,0.65875
353,0.33,0.0,0.67,0.0,"[65,106)",0.65,BASE,50,0.065,0.65
354,0.0,0.0,0.4394980527909995,0.5605019472090005,"[9,18)",0.529,LAIV,50,0.065,0.57775
355,0.0,0.0,0.704,0.0,"[0.5,2)",0.704,BASE,50,0.065,0.704
356,0.0,0.01,0.97,0.02,"[18,50)",0.323,BASE,50,0.065,0.323
357,0.0,0.0,0.447934224049332,0.552065775950668,"[2,5)",0.681,LAIV,51,0.065,0.72975
358,0.0,0.09147632311977716,0.9085236768802228,0.0,"[50,65)",0.453,IIV ID,51,0.065,0.49362500000000004
359,0.0,0.0,0.4444781783681215,0.5555218216318785,"[5,9)",0.61,LAIV,51,0.065,0.65875
360,0.33,0.0,0.67,0.0,"[65,106)",0.65,BASE,51,0.065,0.65
361,0.0,0.0,0.48,0.52,"[9,18)",0.529,BASE,51,0.065,0.529
362,0.0,0.0,0.704,0.0,"[0.5,2)",0.704,BASE,51,0.065,0.704
363,0.0,0.19250000000000012,0.8074999999999999,0.0,"[18,50)",0.323,IIV ID,51,0.065,0.388
364,0.0,0.0,0.447934224049332,0.552065775950668,"[2,5)",0.681,LAIV,52,0.065,0.72975
365,0.0,0.09147632311977716,0.9085236768802228,0.0,"[50,65)",0.453,IIV ID,52,0.065,0.49362500000000004
366,0.0,0.0,0.4444781783681215,0.5555218216318785,"[5,9)",0.61,LAIV,52,0.065,0.65875
367,0.33,0.0,0.67,0.0,"[65,106)",0.65,BASE,52,0.065,0.65
368,0.0,0.0,0.48,0.52,"[9,18)",0.529,BASE,52,0.065,0.529
369,0.0,0.0,0.704,0.0,"[0.5,2)",0.704,BASE,52,0.065,0.704
370,0.0,0.0,0.8074999999999999,0.19250000000000012,"[18,50)",0.323,LAIV,52,0.065,0.388
371,0.0,0.0,0.447934224049332,0.552065775950668,"[2,5)",0.681,LAIV,53,0.065,0.72975
372,0.0,0.09147632311977716,0.9085236768802228,0.0,"[50,65)",0.453,IIV ID,53,0.065,0.49362500000000004
373,0.0,0.0,0.4444781783681215,0.5555218216318785,"[5,9)",0.61,LAIV,53,0.065,0.65875
374,0.33,0.0,0.67,0.0,"[65,106)",0.65,BASE,53,0.065,0.65
375,0.0,0.0,0.48,0.52,"[9,18)",0.529,BASE,53,0.065,0.529
376,0.0,0.0,0.704,0.0,"[0.5,2)",0.704,BASE,53,0.065,0.704
377,0.0,0.01,0.97,0.02,"[18,50)",0.323,BASE,53,0.065,0.323
378,0.0,0.0,0.447934224049332,0.552065775950668,"[2,5)",0.681,LAIV,54,0.065,0.72975
379,0.0,0.09147632311977716,0.9085236768802228,0.0,"[50,65)",0.453,IIV ID,54,0.065,0.49362500000000004
380,0.0,0.0,0.48,0.52,"[5,9)",0.61,BASE,54,0.065,0.61
381,0.33,0.0,0.67,0.0,"[65,106)",0.65,BASE,54,0.065,0.65
382,0.0,0.0,0.4394980527909995,0.5605019472090005,"[9,18)",0.529,LAIV,54,0.065,0.57775
383,0.0,0.0,0.704,0.0,"[0.5,2)",0.704,BASE,54,0.065,0.704
384,0.0,0.19250000000000012,0.8074999999999999,0.0,"[18,50)",0.323,IIV ID,54,0.065,0.388
385,0.0,0.0,0.447934224049332,0.552065775950668,"[2,5)",0.681,LAIV,55,0.065,0.72975
386,0.0,0.09147632311977716,0.9085236768802228,0.0,"[50,65)",0.453,IIV ID,55,0.065,0.49362500000000004
387,0.0,0.0,0.48,0.52,"[5,9)",0.61,BASE,55,0.065,0.61
388,0.33,0.0,0.67,0.0,"[65,106)",0.65,BASE,55,0.065,0.65
389,0.0,0.0,0.4394980527909995,0.5605019472090005,"[9,18)",0.529,LAIV,55,0.065,0.57775
390,0.0,0.0,0.704,0.0,"[0.5,2)",0.704,BASE,55,0.065,0.704
391,0.0,0.0,0.8074999999999999,0.19250000000000012,"[18,50)",0.323,LAIV,55,0.065,0.388
392,0.0,0.0,0.447934224049332,0.552065775950668,"[2,5)",0.681,LAIV,56,0.065,0.72975
393,0.0,0.09147632311977716,0.9085236768802228,0.0,"[50,65)",0.453,IIV ID,56,0.065,0.49362500000000004
394,0.0,0.0,0.48,0.52,"[5,9)",0.61,BASE,56,0.065,0.61
395,0.33,0.0,0.67,0.0,"[65,106)",0.65,BASE,56,0.065,0.65
396,0.0,0.0,0.4394980527909995,0.5605019472090005,"[9,18)",0.529,LAIV,56,0.065,0.57775
397,0.0,0.0,0.704,0.0,"[0.5,2)",0.704,BASE,56,0.065,0.704
398,0.0,0.01,0.97,0.02,"[18,50)",0.323,BASE,56,0.065,0.323
399,0.0,0.0,0.447934224049332,0.552065775950668,"[2,5)",0.681,LAIV,57,0.065,0.72975
400,0.0,0.09147632311977716,0.9085236768802228,0.0,"[50,65)",0.453,IIV ID,57,0.065,0.49362500000000004
401,0.0,0.0,0.48,0.52,"[5,9)",0.61,BASE,57,0.065,0.61
402,0.33,0.0,0.67,0.0,"[65,106)",0.65,BASE,57,0.065,0.65
403,0.0,0.0,0.48,0.52,"[9,18)",0.529,BASE,57,0.065,0.529
404,0.0,0.0,0.704,0.0,"[0.5,2)",0.704,BASE,57,0.065,0.704
405,0.0,0.19250000000000012,0.8074999999999999,0.0,"[18,50)",0.323,IIV ID,57,0.065,0.388
406,0.0,0.0,0.447934224049332,0.552065775950668,"[2,5)",0.681,LAIV,58,0.065,0.72975
407,0.0,0.09147632311977716,0.9085236768802228,0.0,"[50,65)",0.453,IIV ID,58,0.065,0.49362500000000004
408,0.0,0.0,0.48,0.52,"[5,9)",0.61,BASE,58,0.065,0.61
409,0.33,0.0,0.67,0.0,"[65,106)",0.65,BASE,58,0.065,0.65
410,0.0,0.0,0.48,0.52,"[9,18)",0.529,BASE,58,0.065,0.529
411,0.0,0.0,0.704,0.0,"[0.5,2)",0.704,BASE,58,0.065,0.704
412,0.0,0.0,0.8074999999999999,0.19250000000000012,"[18,50)",0.323,LAIV,58,0.065,0.388
413,0.0,0.0,0.447934224049332,0.552065775950668,"[2,5)",0.681,LAIV,59,0.065,0.72975
414,0.0,0.09147632311977716,0.9085236768802228,0.0,"[50,65)",0.453,IIV ID,59,0.065,0.49362500000000004
415,0.0,0.0,0.48,0.52,"[5,9)",0.61,BASE,59,0.065,0.61
416,0.33,0.0,0.67,0.0,"[65,106)",0.65,BASE,59,0.065,0.65
417,0.0,0.0,0.48,0.52,"[9,18)",0.529,BASE,59,0.065,0.529
418,0.0,0.0,0.704,0.0,"[0.5,2)",0.704,BASE,59,0.065,0.704
419,0.0,0.01,0.97,0.02,"[18,50)",0.323,BASE,59,0.065,0.323
420,0.0,0.0,0.447934224049332,0.552065775950668,"[2,5)",0.681,LAIV,60,0.065,0.72975
421,0.0,0.01,0.99,0.0,"[50,65)",0.453,BASE,60,0.065,0.453
422,0.0,0.0,0.4444781783681215,0.5555218216318785,"[5,9)",0.61,LAIV,60,0.065,0.65875
423,0.33,0.0,0.67,0.0,"[65,106)",0.65,BASE,60,0.065,0.65
424,0.0,0.0,0.4394980527909995,0.5605019472090005,"[9,18)",0.529,LAIV,60,0.065,0.57775
425,0.0,0.0,0.704,0.0,"[0.5,2)",0.704,BASE,60,0.065,0.704
426,0.0,0.19250000000000012,0.8074999999999999,0.0,"[18,50)",0.323,IIV ID,60,0.065,0.388
427,0.0,0.0,0.447934224049332,0.552065775950668,"[2,5)",0.681,LAIV,61,0.065,0.72975
428,0.0,0.01,0.99,0.0,"[50,65)",0.453,BASE,61,0.065,0.453
429,0.0,0.0,0.4444781783681215,0.5555218216318785,"[5,9)",0.61,LAIV,61,0.065,0.65875
430,0.33,0.0,0.67,0.0,"[65,106)",0.65,BASE,61,0.065,0.65
431,0.0,0.0,0.4394980527909995,0.5605019472090005,"[9,18)",0.529,LAIV,61,0.065,0.57775
432,0.0,0.0,0.704,0.0,"[0.5,2)",0.704,BASE,61,0.065,0.704
433,0.0,0.0,0.8074999999999999,0.19250000000000012,"[18,50)",0.323,LAIV,61,0.065,0.388
434,0.0,0.0,0.447934224049332,0.552065775950668,"[2,5)",0.681,LAIV,62,0.065,0.72975
435,0.0,0.01,0.99,0.0,"[50,65)",0.453,BASE,62,0.065,0.453
436,0.0,0.0,0.4444781783681215,0.5555218216318785,"[5,9)",0.61,LAIV,62,0.065,0.65875
437,0.33,0.0,0.67,0.0,"[65,106)",0.65,BASE,62,0.065,0.65
438,0.0,0.0,0.4394980527909995,0.5605019472090005,"[9,18)",0.529,LAIV,62,0.065,0.57775
439,0.0,0.0,0.704,0.0,"[0.5,2)",0.704,BASE,62,0.065,0.704
440,0.0,0.01,0.97,0.02,"[18,50)",0.323,BASE,62,0.065,0.323
441,0.0,0.0,0.447934224049332,0.552065775950668,"[2,5)",0.681,LAIV,63,0.065,0.72975
442,0.0,0.01,0.99,0.0,"[50,65)",0.453,BASE,63,0.065,0.453
443,0.0,0.0,0.4444781783681215,0.5555218216318785,"[5,9)",0.61,LAIV,63,0.065,0.65875
444,0.33,0.0,0.67,0.0,"[65,106)",0.65,BASE,63,0.065,0.65
445,0.0,0.0,0.48,0.52,"[9,18)",0.529,BASE,63,0.065,0.529
446,0.0,0.0,0.704,0.0,"[0.5,2)",0.704,BASE,63,0.065,0.704
447,0.0,0.19250000000000012,0.8074999999999999,0.0,"[18,50)",0.323,IIV ID,63,0.065,0.388
448,0.0,0.0,0.447934224049332,0.552065775950668,"[2,5)",0.681,LAIV,64,0.065,0.72975
449,0.0,0.01,0.99,0.0,"[50,65)",0.453,BASE,64,0.065,0.453
450,0.0,0.0,0.4444781783681215,0.5555218216318785,"[5,9)",0.61,LAIV,64,0.065,0.65875
451,0.33,0.0,0.67,0.0,"[65,106)",0.65,BASE,64,0.065,0.65
452,0.0,0.0,0.48,0.52,"[9,18)",0.529,BASE,64,0.065,0.529
453,0.0,0.0,0.704,0.0,"[0.5,2)",0.704,BASE,64,0.065,0.704
454,0.0,0.0,0.8074999999999999,0.19250000000000012,"[18,50)",0.323,LAIV,64,0.065,0.388
455,0.0,0.0,0.447934224049332,0.552065775950668,"[2,5)",0.681,LAIV,65,0.065,0.72975
456,0.0,0.01,0.99,0.0,"[50,65)",0.453,BASE,65,0.065,0.453
457,0.0,0.0,0.4444781783681215,0.5555218216318785,"[5,9)",0.61,LAIV,65,0.065,0.65875
458,0.33,0.0,0.67,0.0,"[65,106)",0.65,BASE,65,0.065,0.65
459,0.0,0.0,0.48,0.52,"[9,18)",0.529,BASE,65,0.065,0.529
460,0.0,0.0,0.704,0.0,"[0.5,2)",0.704,BASE,65,0.065,0.704
461,0.0,0.01,0.97,0.02,"[18,50)",0.323,BASE,65,0.065,0.323
462,0.0,0.0,0.447934224049332,0.552065775950668,"[2,5)",0.681,LAIV,66,0.065,0.72975
463,0.0,0.01,0.99,0.0,"[50,65)",0.453,BASE,66,0.065,0.453
464,0.0,0.0,0.48,0.52,"[5,9)",0.61,BASE,66,0.065,0.61
465,0.33,0.0,0.67,0.0,"[65,106)",0.65,BASE,66,0.065,0.65
466,0.0,0.0,0.4394980527909995,0.5605019472090005,"[9,18)",0.529,LAIV,66,0.065,0.57775
467,0.0,0.0,0.704,0.0,"[0.5,2)",0.704,BASE,66,0.065,0.704
468,0.0,0.19250000000000012,0.8074999999999999,0.0,"[18,50)",0.323,IIV ID,66,0.065,0.388
469,0.0,0.0,0.447934224049332,0.552065775950668,"[2,5)",0.681,LAIV,67,0.065,0.72975
470,0.0,0.01,0.99,0.0,"[50,65)",0.453,BASE,67,0.065,0.453
471,0.0,0.0,0.48,0.52,"[5,9)",0.61,BASE,67,0.065,0.61
472,0.33,0.0,0.67,0.0,"[65,106)",0.65,BASE,67,0.065,0.65
473,0.0,0.0,0.4394980527909995,0.5605019472090005,"[9,18)",0.529,LAIV,67,0.065,0.57775
474,0.0,0.0,0.704,0.0,"[0.5,2)",0.704,BASE,67,0.065,0.704
475,0.0,0.0,0.8074999999999999,0.19250000000000012,"[18,50)",0.323,LAIV,67,0.065,0.388
476,0.0,0.0,0.447934224049332,0.552065775950668,"[2,5)",0.681,LAIV,68,0.065,0.72975
477,0.0,0.01,0.99,0.0,"[50,65)",0.453,BASE,68,0.065,0.453
478,0.0,0.0,0.48,0.52,"[5,9)",0.61,BASE,68,0.065,0.61
479,0.33,0.0,0.67,0.0,"[65,106)",0.65,BASE,68,0.065,0.65
480,0.0,0.0,0.4394980527909995,0.5605019472090005,"[9,18)",0.529,LAIV,68,0.065,0.57775
481,0.0,0.0,0.704,0.0,"[0.5,2)",0.704,BASE,68,0.065,0.704
482,0.0,0.01,0.97,0.02,"[18,50)",0.323,BASE,68,0.065,0.323
483,0.0,0.0,0.447934224049332,0.552065775950668,"[2,5)",0.681,LAIV,69,0.065,0.72975
484,0.0,0.01,0.99,0.0,"[50,65)",0.453,BASE,69,0.065,0.453
485,0.0,0.0,0.48,0.52,"[5,9)",0.61,BASE,69,0.065,0.61
486,0.33,0.0,0.67,0.0,"[65,106)",0.65,BASE,69,0.065,0.65
487,0.0,0.0,0.48,0.52,"[9,18)",0.529,BASE,69,0.065,0.529
488,0.0,0.0,0.704,0.0,"[0.5,2)",0.704,BASE,69,0.065,0.704
489,0.0,0.19250000000000012,0.8074999999999999,0.0,"[18,50)",0.323,IIV ID,69,0.065,0.388
490,0.0,0.0,0.447934224049332,0.552065775950668,"[2,5)",0.681,LAIV,70,0.065,0.72975
491,0.0,0.01,0.99,0.0,"[50,65)",0.453,BASE,70,0.065,0.453
492,0.0,0.0,0.48,0.52,"[5,9)",0.61,BASE,70,0.065,0.61
493,0.33,0.0,0.67,0.0,"[65,106)",0.65,BASE,70,0.065,0.65
494,0.0,0.0,0.48,0.52,"[9,18)",0.529,BASE,70,0.065,0.529
495,0.0,0.0,0.704,0.0,"[0.5,2)",0.704,BASE,70,0.065,0.704
496,0.0,0.0,0.8074999999999999,0.19250000000000012,"[18,50)",0.323,LAIV,70,0.065,0.388
497,0.0,0.0,0.447934224049332,0.552065775950668,"[2,5)",0.681,LAIV,71,0.065,0.72975
498,0.0,0.01,0.99,0.0,"[50,65)",0.453,BASE,71,0.065,0.453
499,0.0,0.0,0.48,0.52,"[5,9)",0.61,BASE,71,0.065,0.61
500,0.33,0.0,0.67,0.0,"[65,106)",0.65,BASE,71,0.065,0.65
501,0.0,0.0,0.48,0.52,"[9,18)",0.529,BASE,71,0.065,0.529
502,0.0,0.0,0.704,0.0,"[0.5,2)",0.704,BASE,71,0.065,0.704
503,0.0,0.01,0.97,0.02,"[18,50)",0.323,BASE,71,0.065,0.323
504,0.0,0.0,0.48,0.52,"[2,5)",0.681,BASE,72,0.065,0.681
505,0.0,0.09147632311977716,0.9085236768802228,0.0,"[50,65)",0.453,IIV ID,72,0.065,0.49362500000000004
506,0.0,0.0,0.4444781783681215,0.5555218216318785,"[5,9)",0.61,LAIV,72,0.065,0.65875
507,0.33,0.0,0.67,0.0,"[65,106)",0.65,BASE,72,0.065,0.65
508,0.0,0.0,0.4394980527909995,0.5605019472090005,"[9,18)",0.529,LAIV,72,0.065,0.57775
509,0.0,0.0,0.704,0.0,"[0.5,2)",0.704,BASE,72,0.065,0.704
510,0.0,0.19250000000000012,0.8074999999999999,0.0,"[18,50)",0.323,IIV ID,72,0.065,0.388
511,0.0,0.0,0.48,0.52,"[2,5)",0.681,BASE,73,0.065,0.681
512,0.0,0.09147632311977716,0.9085236768802228,0.0,"[50,65)",0.453,IIV ID,73,0.065,0.49362500000000004
513,0.0,0.0,0.4444781783681215,0.5555218216318785,"[5,9)",0.61,LAIV,73,0.065,0.65875
514,0.33,0.0,0.67,0.0,"[65,106)",0.65,BASE,73,0.065,0.65
515,0.0,0.0,0.4394980527909995,0.5605019472090005,"[9,18)",0.529,LAIV,73,0.065,0.57775
516,0.0,0.0,0.704,0.0,"[0.5,2)",0.704,BASE,73,0.065,0.704
517,0.0,0.0,0.8074999999999999,0.19250000000000012,"[18,50)",0.323,LAIV,73,0.065,0.388
518,0.0,0.0,0.48,0.52,"[2,5)",0.681,BASE,74,0.065,0.681
519,0.0,0.09147632311977716,0.9085236768802228,0.0,"[50,65)",0.453,IIV ID,74,0.065,0.49362500000000004
520,0.0,0.0,0.4444781783681215,0.5555218216318785,"[5,9)",0.61,LAIV,74,0.065,0.65875
521,0.33,0.0,0.67,0.0,"[65,106)",0.65,BASE,74,0.065,0.65
522,0.0,0.0,0.4394980527909995,0.5605019472090005,"[9,18)",0.529,LAIV,74,0.065,0.57775
523,0.0,0.0,0.704,0.0,"[0.5,2)",0.704,BASE,74,0.065,0.704
524,0.0,0.01,0.97,0.02,"[18,50)",0.323,BASE,74,0.065,0.323
525,0.0,0.0,0.48,0.52,"[2,5)",0.681,BASE,75,0.065,0.681
526,0.0,0.09147632311977716,0.9085236768802228,0.0,"[50,65)",0.453,IIV ID,75,0.065,0.49362500000000004
527,0.0,0.0,0.4444781783681215,0.5555218216318785,"[5,9)",0.61,LAIV,75,0.065,0.65875
528,0.33,0.0,0.67,0.0,"[65,106)",0.65,BASE,75,0.065,0.65
529,0.0,0.0,0.48,0.52,"[9,18)",0.529,BASE,75,0.065,0.529
530,0.0,0.0,0.704,0.0,"[0.5,2)",0.704,BASE,75,0.065,0.704
531,0.0,0.19250000000000012,0.8074999999999999,0.0,"[18,50)",0.323,IIV ID,75,0.065,0.388
532,0.0,0.0,0.48,0.52,"[2,5)",0.681,BASE,76,0.065,0.681
533,0.0,0.09147632311977716,0.9085236768802228,0.0,"[50,65)",0.453,IIV ID,76,0.065,0.49362500000000004
534,0.0,0.0,0.4444781783681215,0.5555218216318785,"[5,9)",0.61,LAIV,76,0.065,0.65875
535,0.33,0.0,0.67,0.0,"[65,106)",0.65,BASE,76,0.065,0.65
536,0.0,0.0,0.48,0.52,"[9,18)",0.529,BASE,76,0.065,0.529
537,0.0,0.0,0.704,0.0,"[0.5,2)",0.704,BASE,76,0.065,0.704
538,0.0,0.0,0.8074999999999999,0.19250000000000012,"[18,50)",0.323,LAIV,76,0.065,0.388
539,0.0,0.0,0.48,0.52,"[2,5)",0.681,BASE,77,0.065,0.681
540,0.0,0.09147632311977716,0.9085236768802228,0.0,"[50,65)",0.453,IIV ID,77,0.065,0.49362500000000004
541,0.0,0.0,0.4444781783681215,0.5555218216318785,"[5,9)",0.61,LAIV,77,0.065,0.65875
542,0.33,0.0,0.67,0.0,"[65,106)",0.65,BASE,77,0.065,0.65
543,0.0,0.0,0.48,0.52,"[9,18)",0.529,BASE,77,0.065,0.529
544,0.0,0.0,0.704,0.0,"[0.5,2)",0.704,BASE,77,0.065,0.704
545,0.0,0.01,0.97,0.02,"[18,50)",0.323,BASE,77,0.065,0.323
546,0.0,0.0,0.48,0.52,"[2,5)",0.681,BASE,78,0.065,0.681
547,0.0,0.09147632311977716,0.9085236768802228,0.0,"[50,65)",0.453,IIV ID,78,0.065,0.49362500000000004
548,0.0,0.0,0.48,0.52,"[5,9)",0.61,BASE,78,0.065,0.61
549,0.33,0.0,0.67,0.0,"[65,106)",0.65,BASE,78,0.065,0.65
550,0.0,0.0,0.4394980527909995,0.5605019472090005,"[9,18)",0.529,LAIV,78,0.065,0.57775
551,0.0,0.0,0.704,0.0,"[0.5,2)",0.704,BASE,78,0.065,0.704
552,0.0,0.19250000000000012,0.8074999999999999,0.0,"[18,50)",0.323,IIV ID,78,0.065,0.388
553,0.0,0.0,0.48,0.52,"[2,5)",0.681,BASE,79,0.065,0.681
554,0.0,0.09147632311977716,0.9085236768802228,0.0,"[50,65)",0.453,IIV ID,79,0.065,0.49362500000000004
555,0.0,0.0,0.48,0.52,"[5,9)",0.61,BASE,79,0.065,0.61
556,0.33,0.0,0.67,0.0,"[65,106)",0.65,BASE,79,0.065,0.65
557,0.0,0.0,0.4394980527909995,0.5605019472090005,"[9,18)",0.529,LAIV,79,0.065,0.57775
558,0.0,0.0,0.704,0.0,"[0.5,2)",0.704,BASE,79,0.065,0.704
559,0.0,0.0,0.8074999999999999,0.19250000000000012,"[18,50)",0.323,LAIV,79,0.065,0.388
560,0.0,0.0,0.48,0.52,"[2,5)",0.681,BASE,80,0.065,0.681
561,0.0,0.09147632311977716,0.9085236768802228,0.0,"[50,65)",0.453,IIV ID,80,0.065,0.49362500000000004
562,0.0,0.0,0.48,0.52,"[5,9)",0.61,BASE,80,0.065,0.61
563,0.33,0.0,0.67,0.0,"[65,106)",0.65,BASE,80,0.065,0.65
564,0.0,0.0,0.4394980527909995,0.5605019472090005,"[9,18)",0.529,LAIV,80,0.065,0.57775
565,0.0,0.0,0.704,0.0,"[0.5,2)",0.704,BASE,80,0.065,0.704
566,0.0,0.01,0.97,0.02,"[18,50)",0.323,BASE,80,0.065,0.323
567,0.0,0.0,0.48,0.52,"[2,5)",0.681,BASE,81,0.065,0.681
568,0.0,0.09147632311977716,0.9085236768802228,0.0,"[50,65)",0.453,IIV ID,81,0.065,0.49362500000000004
569,0.0,0.0,0.48,0.52,"[5,9)",0.61,BASE,81,0.065,0.61
570,0.33,0.0,0.67,0.0,"[65,106)",0.65,BASE,81,0.065,0.65
571,0.0,0.0,0.48,0.52,"[9,18)",0.529,BASE,81,0.065,0.529
572,0.0,0.0,0.704,0.0,"[0.5,2)",0.704,BASE,81,0.065,0.704
573,0.0,0.19250000000000012,0.8074999999999999,0.0,"[18,50)",0.323,IIV ID,81,0.065,0.388
574,0.0,0.0,0.48,0.52,"[2,5)",0.681,BASE,82,0.065,0.681
575,0.0,0.09147632311977716,0.9085236768802228,0.0,"[50,65)",0.453,IIV ID,82,0.065,0.49362500000000004
576,0.0,0.0,0.48,0.52,"[5,9)",0.61,BASE,82,0.065,0.61
577,0.33,0.0,0.67,0.0,"[65,106)",0.65,BASE,82,0.065,0.65
578,0.0,0.0,0.48,0.52,"[9,18)",0.529,BASE,82,0.065,0.529
579,0.0,0.0,0.704,0.0,"[0.5,2)",0.704,BASE,82,0.065,0.704
580,0.0,0.0,0.8074999999999999,0.19250000000000012,"[18,50)",0.323,LAIV,82,0.065,0.388
581,0.0,0.0,0.48,0.52,"[2,5)",0.681,BASE,83,0.065,0.681
582,0.0,0.09147632311977716,0.9085236768802228,0.0,"[50,65)",0.453,IIV ID,83,0.065,0.49362500000000004
583,0.0,0.0,0.48,0.52,"[5,9)",0.61,BASE,83,0.065,0.61
584,0.33,0.0,0.67,0.0,"[65,106)",0.65,BASE,83,0.065,0.65
585,0.0,0.0,0.48,0.52,"[9,18)",0.529,BASE,83,0.065,0.529
586,0.0,0.0,0.704,0.0,"[0.5,2)",0.704,BASE,83,0.065,0.704
587,0.0,0.01,0.97,0.02,"[18,50)",0.323,BASE,83,0.065,0.323
588,0.0,0.0,0.48,0.52,"[2,5)",0.681,BASE,84,0.065,0.681
589,0.0,0.01,0.99,0.0,"[50,65)",0.453,BASE,84,0.065,0.453
590,0.0,0.0,0.4444781783681215,0.5555218216318785,"[5,9)",0.61,LAIV,84,0.065,0.65875
591,0.33,0.0,0.67,0.0,"[65,106)",0.65,BASE,84,0.065,0.65
592,0.0,0.0,0.4394980527909995,0.5605019472090005,"[9,18)",0.529,LAIV,84,0.065,0.57775
593,0.0,0.0,0.704,0.0,"[0.5,2)",0.704,BASE,84,0.065,0.704
594,0.0,0.19250000000000012,0.8074999999999999,0.0,"[18,50)",0.323,IIV ID,84,0.065,0.388
595,0.0,0.0,0.48,0.52,"[2,5)",0.681,BASE,85,0.065,0.681
596,0.0,0.01,0.99,0.0,"[50,65)",0.453,BASE,85,0.065,0.453
597,0.0,0.0,0.4444781783681215,0.5555218216318785,"[5,9)",0.61,LAIV,85,0.065,0.65875
598,0.33,0.0,0.67,0.0,"[65,106)",0.65,BASE,85,0.065,0.65
599,0.0,0.0,0.4394980527909995,0.5605019472090005,"[9,18)",0.529,LAIV,85,0.065,0.57775
600,0.0,0.0,0.704,0.0,"[0.5,2)",0.704,BASE,85,0.065,0.704
601,0.0,0.0,0.8074999999999999,0.19250000000000012,"[18,50)",0.323,LAIV,85,0.065,0.388
602,0.0,0.0,0.48,0.52,"[2,5)",0.681,BASE,86,0.065,0.681
603,0.0,0.01,0.99,0.0,"[50,65)",0.453,BASE,86,0.065,0.453
604,0.0,0.0,0.4444781783681215,0.5555218216318785,"[5,9)",0.61,LAIV,86,0.065,0.65875
605,0.33,0.0,0.67,0.0,"[65,106)",0.65,BASE,86,0.065,0.65
606,0.0,0.0,0.4394980527909995,0.5605019472090005,"[9,18)",0.529,LAIV,86,0.065,0.57775
607,0.0,0.0,0.704,0.0,"[0.5,2)",0.704,BASE,86,0.065,0.704
608,0.0,0.01,0.97,0.02,"[18,50)",0.323,BASE,86,0.065,0.323
609,0.0,0.0,0.48,0.52,"[2,5)",0.681,BASE,87,0.065,0.681
610,0.0,0.01,0.99,0.0,"[50,65)",0.453,BASE,87,0.065,0.453
611,0.0,0.0,0.4444781783681215,0.5555218216318785,"[5,9)",0.61,LAIV,87,0.065,0.65875
612,0.33,0.0,0.67,0.0,"[65,106)",0.65,BASE,87,0.065,0.65
613,0.0,0.0,0.48,0.52,"[9,18)",0.529,BASE,87,0.065,0.529
614,0.0,0.0,0.704,0.0,"[0.5,2)",0.704,BASE,87,0.065,0.704
615,0.0,0.19250000000000012,0.8074999999999999,0.0,"[18,50)",0.323,IIV ID,87,0.065,0.388
616,0.0,0.0,0.48,0.52,"[2,5)",0.681,BASE,88,0.065,0.681
617,0.0,0.01,0.99,0.0,"[50,65)",0.453,BASE,88,0.065,0.453
618,0.0,0.0,0.4444781783681215,0.5555218216318785,"[5,9)",0.61,LAIV,88,0.065,0.65875
619,0.33,0.0,0.67,0.0,"[65,106)",0.65,BASE,88,0.065,0.65
620,0.0,0.0,0.48,0.52,"[9,18)",0.529,BASE,88,0.065,0.529
621,0.0,0.0,0.704,0.0,"[0.5,2)",0.704,BASE,88,0.065,0.704
622,0.0,0.0,0.8074999999999999,0.19250000000000012,"[18,50)",0.323,LAIV,88,0.065,0.388
623,0.0,0.0,0.48,0.52,"[2,5)",0.681,BASE,89,0.065,0.681
624,0.0,0.01,0.99,0.0,"[50,65)",0.453,BASE,89,0.065,0.453
625,0.0,0.0,0.4444781783681215,0.5555218216318785,"[5,9)",0.61,LAIV,89,0.065,0.65875
626,0.33,0.0,0.67,0.0,"[65,106)",0.65,BASE,89,0.065,0.65
627,0.0,0.0,0.48,0.52,"[9,18)",0.529,BASE,89,0.065,0.529
628,0.0,0.0,0.704,0.0,"[0.5,2)",0.704,BASE,89,0.065,0.704
629,0.0,0.01,0.97,0.02,"[18,50)",0.323,BASE,89,0.065,0.323
630,0.0,0.0,0.48,0.52,"[2,5)",0.681,BASE,90,0.065,0.681
631,0.0,0.01,0.99,0.0,"[50,65)",0.453,BASE,90,0.065,0.453
632,0.0,0.0,0.48,0.52,"[5,9)",0.61,BASE,90,0.065,0.61
633,0.33,0.0,0.67,0.0,"[65,106)",0.65,BASE,90,0.065,0.65
634,0.0,0.0,0.4394980527909995,0.5605019472090005,"[9,18)",0.529,LAIV,90,0.065,0.57775
635,0.0,0.0,0.704,0.0,"[0.5,2)",0.704,BASE,90,0.065,0.704
636,0.0,0.19250000000000012,0.8074999999999999,0.0,"[18,50)",0.323,IIV ID,90,0.065,0.388
637,0.0,0.0,0.48,0.52,"[2,5)",0.681,BASE,91,0.065,0.681
638,0.0,0.01,0.99,0.0,"[50,65)",0.453,BASE,91,0.065,0.453
639,0.0,0.0,0.48,0.52,"[5,9)",0.61,BASE,91,0.065,0.61
640,0.33,0.0,0.67,0.0,"[65,106)",0.65,BASE,91,0.065,0.65
641,0.0,0.0,0.4394980527909995,0.5605019472090005,"[9,18)",0.529,LAIV,91,0.065,0.57775
642,0.0,0.0,0.704,0.0,"[0.5,2)",0.704,BASE,91,0.065,0.704
643,0.0,0.0,0.8074999999999999,0.19250000000000012,"[18,50)",0.323,LAIV,91,0.065,0.388
644,0.0,0.0,0.48,0.52,"[2,5)",0.681,BASE,92,0.065,0.681
645,0.0,0.01,0.99,0.0,"[50,65)",0.453,BASE,92,0.065,0.453
646,0.0,0.0,0.48,0.52,"[5,9)",0.61,BASE,92,0.065,0.61
647,0.33,0.0,0.67,0.0,"[65,106)",0.65,BASE,92,0.065,0.65
648,0.0,0.0,0.4394980527909995,0.5605019472090005,"[9,18)",0.529,LAIV,92,0.065,0.57775
649,0.0,0.0,0.704,0.0,"[0.5,2)",0.704,BASE,92,0.065,0.704
650,0.0,0.01,0.97,0.02,"[18,50)",0.323,BASE,92,0.065,0.323
651,0.0,0.0,0.48,0.52,"[2,5)",0.681,BASE,93,0.065,0.681
652,0.0,0.01,0.99,0.0,"[50,65)",0.453,BASE,93,0.065,0.453
653,0.0,0.0,0.48,0.52,"[5,9)",0.61,BASE,93,0.065,0.61
654,0.33,0.0,0.67,0.0,"[65,106)",0.65,BASE,93,0.065,0.65
655,0.0,0.0,0.48,0.52,"[9,18)",0.529,BASE,93,0.065,0.529
656,0.0,0.0,0.704,0.0,"[0.5,2)",0.704,BASE,93,0.065,0.704
657,0.0,0.19250000000000012,0.8074999999999999,0.0,"[18,50)",0.323,IIV ID,93,0.065,0.388
658,0.0,0.0,0.48,0.52,"[2,5)",0.681,BASE,94,0.065,0.681
659,0.0,0.01,0.99,0.0,"[50,65)",0.453,BASE,94,0.065,0.453
660,0.0,0.0,0.48,0.52,"[5,9)",0.61,BASE,94,0.065,0.61
661,0.33,0.0,0.67,0.0,"[65,106)",0.65,BASE,94,0.065,0.65
662,0.0,0.0,0.48,0.52,"[9,18)",0.529,BASE,94,0.065,0.529
663,0.0,0.0,0.704,0.0,"[0.5,2)",0.704,BASE,94,0.065,0.704
664,0.0,0.0,0.8074999999999999,0.19250000000000012,"[18,50)",0.323,LAIV,94,0.065,0.388
665,0.0,0.0,0.48,0.52,"[2,5)",0.681,BASE,95,0.065,0.681
666,0.0,0.01,0.99,0.0,"[50,65)",0.453,BASE,95,0.065,0.453
667,0.0,0.0,0.48,0.52,"[5,9)",0.61,BASE,95,0.065,0.61
668,0.33,0.0,0.67,0.0,"[65,106)",0.65,BASE,95,0.065,0.65
669,0.0,0.0,0.48,0.52,"[9,18)",0.529,BASE,95,0.065,0.529
670,0.0,0.0,0.704,0.0,"[0.5,2)",0.704,BASE,95,0.065,0.704
671,0.0,0.01,0.97,0.02,"[18,50)",0.323,BASE,95,0.065,0.323
672,0.0,0.0,0.42708476237138654,0.5729152376286135,"[2,5)",0.681,LAIV,96,0.1125,0.765375
673,0.0,0.14301683984235047,0.8569831601576495,0.0,"[50,65)",0.453,IIV ID,96,0.1125,0.5233125000000001
674,0.0,0.0,0.4216741674167417,0.5783258325832583,"[5,9)",0.61,LAIV,96,0.1125,0.694375
675,0.33,0.0,0.67,0.0,"[65,106)",0.65,BASE,96,0.1125,0.65
676,0.0,0.0,0.41397187691053594,0.5860281230894641,"[9,18)",0.529,LAIV,96,0.1125,0.613375
677,0.0,0.0,0.704,0.0,"[0.5,2)",0.704,BASE,96,0.1125,0.704
678,0.0,0.28057405281285885,0.7194259471871411,0.0,"[18,50)",0.323,IIV ID,96,0.1125,0.4355
679,0.0,0.0,0.42708476237138654,0.5729152376286135,"[2,5)",0.681,LAIV,97,0.1125,0.765375
680,0.0,0.14301683984235047,0.8569831601576495,0.0,"[50,65)",0.453,IIV ID,97,0.1125,0.5233125000000001
681,0.0,0.0,0.4216741674167417,0.5783258325832583,"[5,9)",0.61,LAIV,97,0.1125,0.694375
682,0.33,0.0,0.67,0.0,"[65,106)",0.65,BASE,97,0.1125,0.65
683,0.0,0.0,0.41397187691053594,0.5860281230894641,"[9,18)",0.529,LAIV,97,0.1125,0.613375
684,0.0,0.0,0.704,0.0,"[0.5,2)",0.704,BASE,97,0.1125,0.704
685,0.0,0.0,0.7194259471871411,0.28057405281285885,"[18,50)",0.323,LAIV,97,0.1125,0.4355
686,0.0,0.0,0.42708476237138654,0.5729152376286135,"[2,5)",0.681,LAIV,98,0.1125,0.765375
687,0.0,0.14301683984235047,0.8569831601576495,0.0,"[50,65)",0.453,IIV ID,98,0.1125,0.5233125000000001
688,0.0,0.0,0.4216741674167417,0.5783258325832583,"[5,9)",0.61,LAIV,98,0.1125,0.694375
689,0.33,0.0,0.67,0.0,"[65,106)",0.65,BASE,98,0.1125,0.65
690,0.0,0.0,0.41397187691053594,0.5860281230894641,"[9,18)",0.529,LAIV,98,0.1125,0.613375
691,0.0,0.0,0.704,0.0,"[0.5,2)",0.704,BASE,98,0.1125,0.704
692,0.0,0.01,0.97,0.02,"[18,50)",0.323,BASE,98,0.1125,0.323
693,0.0,0.0,0.42708476237138654,0.5729152376286135,"[2,5)",0.681,LAIV,99,0.1125,0.765375
694,0.0,0.14301683984235047,0.8569831601576495,0.0,"[50,65)",0.453,IIV ID,99,0.1125,0.5233125000000001
695,0.0,0.0,0.4216741674167417,0.5783258325832583,"[5,9)",0.61,LAIV,99,0.1125,0.694375
696,0.33,0.0,0.67,0.0,"[65,106)",0.65,BASE,99,0.1125,0.65
697,0.0,0.0,0.48,0.52,"[9,18)",0.529,BASE,99,0.1125,0.529
698,0.0,0.0,0.704,0.0,"[0.5,2)",0.704,BASE,99,0.1125,0.704
699,0.0,0.28057405281285885,0.7194259471871411,0.0,"[18,50)",0.323,IIV ID,99,0.1125,0.4355
700,0.0,0.0,0.42708476237138654,0.5729152376286135,"[2,5)",0.681,LAIV,100,0.1125,0.765375
701,0.0,0.14301683984235047,0.8569831601576495,0.0,"[50,65)",0.453,IIV ID,100,0.1125,0.5233125000000001
702,0.0,0.0,0.4216741674167417,0.5783258325832583,"[5,9)",0.61,LAIV,100,0.1125,0.694375
703,0.33,0.0,0.67,0.0,"[65,106)",0.65,BASE,100,0.1125,0.65
704,0.0,0.0,0.48,0.52,"[9,18)",0.529,BASE,100,0.1125,0.529
705,0.0,0.0,0.704,0.0,"[0.5,2)",0.704,BASE,100,0.1125,0.704
706,0.0,0.0,0.7194259471871411,0.28057405281285885,"[18,50)",0.323,LAIV,100,0.1125,0.4355
707,0.0,0.0,0.42708476237138654,0.5729152376286135,"[2,5)",0.681,LAIV,101,0.1125,0.765375
708,0.0,0.14301683984235047,0.8569831601576495,0.0,"[50,65)",0.453,IIV ID,101,0.1125,0.5233125000000001
709,0.0,0.0,0.4216741674167417,0.5783258325832583,"[5,9)",0.61,LAIV,101,0.1125,0.694375
710,0.33,0.0,0.67,0.0,"[65,106)",0.65,BASE,101,0.1125,0.65
711,0.0,0.0,0.48,0.52,"[9,18)",0.529,BASE,101,0.1125,0.529
712,0.0,0.0,0.704,0.0,"[0.5,2)",0.704,BASE,101,0.1125,0.704
713,0.0,0.01,0.97,0.02,"[18,50)",0.323,BASE,101,0.1125,0.323
714,0.0,0.0,0.42708476237138654,0.5729152376286135,"[2,5)",0.681,LAIV,102,0.1125,0.765375
715,0.0,0.14301683984235047,0.8569831601576495,0.0,"[50,65)",0.453,IIV ID,102,0.1125,0.5233125000000001
716,0.0,0.0,0.48,0.52,"[5,9)",0.61,BASE,102,0.1125,0.61
717,0.33,0.0,0.67,0.0,"[65,106)",0.65,BASE,102,0.1125,0.65
718,0.0,0.0,0.41397187691053594,0.5860281230894641,"[9,18)",0.529,LAIV,102,0.1125,0.613375
719,0.0,0.0,0.704,0.0,"[0.5,2)",0.704,BASE,102,0.1125,0.704
720,0.0,0.28057405281285885,0.7194259471871411,0.0,"[18,50)",0.323,IIV ID,102,0.1125,0.4355
721,0.0,0.0,0.42708476237138654,0.5729152376286135,"[2,5)",0.681,LAIV,103,0.1125,0.765375
722,0.0,0.14301683984235047,0.8569831601576495,0.0,"[50,65)",0.453,IIV ID,103,0.1125,0.5233125000000001
723,0.0,0.0,0.48,0.52,"[5,9)",0.61,BASE,103,0.1125,0.61
724,0.33,0.0,0.67,0.0,"[65,106)",0.65,BASE,103,0.1125,0.65
725,0.0,0.0,0.41397187691053594,0.5860281230894641,"[9,18)",0.529,LAIV,103,0.1125,0.613375
726,0.0,0.0,0.704,0.0,"[0.5,2)",0.704,BASE,103,0.1125,0.704
727,0.0,0.0,0.7194259471871411,0.28057405281285885,"[18,50)",0.323,LAIV,103,0.1125,0.4355
728,0.0,0.0,0.42708476237138654,0.5729152376286135,"[2,5)",0.681,LAIV,104,0.1125,0.765375
729,0.0,0.14301683984235047,0.8569831601576495,0.0,"[50,65)",0.453,IIV ID,104,0.1125,0.5233125000000001
730,0.0,0.0,0.48,0.52,"[5,9)",0.61,BASE,104,0.1125,0.61
731,0.33,0.0,0.67,0.0,"[65,106)",0.65,BASE,104,0.1125,0.65
732,0.0,0.0,0.41397187691053594,0.5860281230894641,"[9,18)",0.529,LAIV,104,0.1125,0.613375
733,0.0,0.0,0.704,0.0,"[0.5,2)",0.704,BASE,104,0.1125,0.704
734,0.0,0.01,0.97,0.02,"[18,50)",0.323,BASE,104,0.1125,0.323
735,0.0,0.0,0.42708476237138654,0.5729152376286135,"[2,5)",0.681,LAIV,105,0.1125,0.765375
736,0.0,0.14301683984235047,0.8569831601576495,0.0,"[50,65)",0.453,IIV ID,105,0.1125,0.5233125000000001
737,0.0,0.0,0.48,0.52,"[5,9)",0.61,BASE,105,0.1125,0.61
738,0.33,0.0,0.67,0.0,"[65,106)",0.65,BASE,105,0.1125,0.65
739,0.0,0.0,0.48,0.52,"[9,18)",0.529,BASE,105,0.1125,0.529
740,0.0,0.0,0.704,0.0,"[0.5,2)",0.704,BASE,105,0.1125,0.704
741,0.0,0.28057405281285885,0.7194259471871411,0.0,"[18,50)",0.323,IIV ID,105,0.1125,0.4355
742,0.0,0.0,0.42708476237138654,0.5729152376286135,"[2,5)",0.681,LAIV,106,0.1125,0.765375
743,0.0,0.14301683984235047,0.8569831601576495,0.0,"[50,65)",0.453,IIV ID,106,0.1125,0.5233125000000001
744,0.0,0.0,0.48,0.52,"[5,9)",0.61,BASE,106,0.1125,0.61
745,0.33,0.0,0.67,0.0,"[65,106)",0.65,BASE,106,0.1125,0.65
746,0.0,0.0,0.48,0.52,"[9,18)",0.529,BASE,106,0.1125,0.529
747,0.0,0.0,0.704,0.0,"[0.5,2)",0.704,BASE,106,0.1125,0.704
748,0.0,0.0,0.7194259471871411,0.28057405281285885,"[18,50)",0.323,LAIV,106,0.1125,0.4355
749,0.0,0.0,0.42708476237138654,0.5729152376286135,"[2,5)",0.681,LAIV,107,0.1125,0.765375
750,0.0,0.14301683984235047,0.8569831601576495,0.0,"[50,65)",0.453,IIV ID,107,0.1125,0.5233125000000001
751,0.0,0.0,0.48,0.52,"[5,9)",0.61,BASE,107,0.1125,0.61
752,0.33,0.0,0.67,0.0,"[65,106)",0.65,BASE,107,0.1125,0.65
753,0.0,0.0,0.48,0.52,"[9,18)",0.529,BASE,107,0.1125,0.529
754,0.0,0.0,0.704,0.0,"[0.5,2)",0.704,BASE,107,0.1125,0.704
755,0.0,0.01,0.97,0.02,"[18,50)",0.323,BASE,107,0.1125,0.323
756,0.0,0.0,0.42708476237138654,0.5729152376286135,"[2,5)",0.681,LAIV,108,0.1125,0.765375
757,0.0,0.01,0.99,0.0,"[50,65)",0.453,BASE,108,0.1125,0.453
758,0.0,0.0,0.4216741674167417,0.5783258325832583,"[5,9)",0.61,LAIV,108,0.1125,0.694375
759,0.33,0.0,0.67,0.0,"[65,106)",0.65,BASE,108,0.1125,0.65
760,0.0,0.0,0.41397187691053594,0.5860281230894641,"[9,18)",0.529,LAIV,108,0.1125,0.613375
761,0.0,0.0,0.704,0.0,"[0.5,2)",0.704,BASE,108,0.1125,0.704
762,0.0,0.28057405281285885,0.7194259471871411,0.0,"[18,50)",0.323,IIV ID,108,0.1125,0.4355
763,0.0,0.0,0.42708476237138654,0.5729152376286135,"[2,5)",0.681,LAIV,109,0.1125,0.765375
764,0.0,0.01,0.99,0.0,"[50,65)",0.453,BASE,109,0.1125,0.453
765,0.0,0.0,0.4216741674167417,0.5783258325832583,"[5,9)",0.61,LAIV,109,0.1125,0.694375
766,0.33,0.0,0.67,0.0,"[65,106)",0.65,BASE,109,0.1125,0.65
767,0.0,0.0,0.41397187691053594,0.5860281230894641,"[9,18)",0.529,LAIV,109,0.1125,0.613375
768,0.0,0.0,0.704,0.0,"[0.5,2)",0.704,BASE,109,0.1125,0.704
769,0.0,0.0,0.7194259471871411,0.28057405281285885,"[18,50)",0.323,LAIV,109,0.1125,0.4355
770,0.0,0.0,0.42708476237138654,0.5729152376286135,"[2,5)",0.681,LAIV,110,0.1125,0.765375
771,0.0,0.01,0.99,0.0,"[50,65)",0.453,BASE,110,0.1125,0.453
772,0.0,0.0,0.4216741674167417,0.5783258325832583,"[5,9)",0.61,LAIV,110,0.1125,0.694375
773,0.33,0.0,0.67,0.0,"[65,106)",0.65,BASE,110,0.1125,0.65
774,0.0,0.0,0.41397187691053594,0.5860281230894641,"[9,18)",0.529,LAIV,110,0.1125,0.613375
775,0.0,0.0,0.704,0.0,"[0.5,2)",0.704,BASE,110,0.1125,0.704
776,0.0,0.01,0.97,0.02,"[18,50)",0.323,BASE,110,0.1125,0.323
777,0.0,0.0,0.42708476237138654,0.5729152376286135,"[2,5)",0.681,LAIV,111,0.1125,0.765375
778,0.0,0.01,0.99,0.0,"[50,65)",0.453,BASE,111,0.1125,0.453
779,0.0,0.0,0.4216741674167417,0.5783258325832583,"[5,9)",0.61,LAIV,111,0.1125,0.694375
780,0.33,0.0,0.67,0.0,"[65,106)",0.65,BASE,111,0.1125,0.65
781,0.0,0.0,0.48,0.52,"[9,18)",0.529,BASE,111,0.1125,0.529
782,0.0,0.0,0.704,0.0,"[0.5,2)",0.704,BASE,111,0.1125,0.704
783,0.0,0.28057405281285885,0.7194259471871411,0.0,"[18,50)",0.323,IIV ID,111,0.1125,0.4355
784,0.0,0.0,0.42708476237138654,0.5729152376286135,"[2,5)",0.681,LAIV,112,0.1125,0.765375
785,0.0,0.01,0.99,0.0,"[50,65)",0.453,BASE,112,0.1125,0.453
786,0.0,0.0,0.4216741674167417,0.5783258325832583,"[5,9)",0.61,LAIV,112,0.1125,0.694375
787,0.33,0.0,0.67,0.0,"[65,106)",0.65,BASE,112,0.1125,0.65
788,0.0,0.0,0.48,0.52,"[9,18)",0.529,BASE,112,0.1125,0.529
789,0.0,0.0,0.704,0.0,"[0.5,2)",0.704,BASE,112,0.1125,0.704
790,0.0,0.0,0.7194259471871411,0.28057405281285885,"[18,50)",0.323,LAIV,112,0.1125,0.4355
791,0.0,0.0,0.42708476237138654,0.5729152376286135,"[2,5)",0.681,LAIV,113,0.1125,0.765375
792,0.0,0.01,0.99,0.0,"[50,65)",0.453,BASE,113,0.1125,0.453
793,0.0,0.0,0.4216741674167417,0.5783258325832583,"[5,9)",0.61,LAIV,113,0.1125,0.694375
794,0.33,0.0,0.67,0.0,"[65,106)",0.65,BASE,113,0.1125,0.65
795,0.0,0.0,0.48,0.52,"[9,18)",0.529,BASE,113,0.1125,0.529
796,0.0,0.0,0.704,0.0,"[0.5,2)",0.704,BASE,113,0.1125,0.704
797,0.0,0.01,0.97,0.02,"[18,50)",0.323,BASE,113,0.1125,0.323
798,0.0,0.0,0.42708476237138654,0.5729152376286135,"[2,5)",0.681,LAIV,114,0.1125,0.765375
799,0.0,0.01,0.99,0.0,"[50,65)",0.453,BASE,114,0.1125,0.453
800,0.0,0.0,0.48,0.52,"[5,9)",0.61,BASE,114,0.1125,0.61
801,0.33,0.0,0.67,0.0,"[65,106)",0.65,BASE,114,0.1125,0.65
802,0.0,0.0,0.41397187691053594,0.5860281230894641,"[9,18)",0.529,LAIV,114,0.1125,0.613375
803,0.0,0.0,0.704,0.0,"[0.5,2)",0.704,BASE,114,0.1125,0.704
804,0.0,0.28057405281285885,0.7194259471871411,0.0,"[18,50)",0.323,IIV ID,114,0.1125,0.4355
805,0.0,0.0,0.42708476237138654,0.5729152376286135,"[2,5)",0.681,LAIV,115,0.1125,0.765375
806,0.0,0.01,0.99,0.0,"[50,65)",0.453,BASE,115,0.1125,0.453
807,0.0,0.0,0.48,0.52,"[5,9)",0.61,BASE,115,0.1125,0.61
808,0.33,0.0,0.67,0.0,"[65,106)",0.65,BASE,115,0.1125,0.65
809,0.0,0.0,0.41397187691053594,0.5860281230894641,"[9,18)",0.529,LAIV,115,0.1125,0.613375
810,0.0,0.0,0.704,0.0,"[0.5,2)",0.704,BASE,115,0.1125,0.704
811,0.0,0.0,0.7194259471871411,0.28057405281285885,"[18,50)",0.323,LAIV,115,0.1125,0.4355
812,0.0,0.0,0.42708476237138654,0.5729152376286135,"[2,5)",0.681,LAIV,116,0.1125,0.765375
813,0.0,0.01,0.99,0.0,"[50,65)",0.453,BASE,116,0.1125,0.453
814,0.0,0.0,0.48,0.52,"[5,9)",0.61,BASE,116,0.1125,0.61
815,0.33,0.0,0.67,0.0,"[65,106)",0.65,BASE,116,0.1125,0.65
816,0.0,0.0,0.41397187691053594,0.5860281230894641,"[9,18)",0.529,LAIV,116,0.1125,0.613375
817,0.0,0.0,0.704,0.0,"[0.5,2)",0.704,BASE,116,0.1125,0.704
818,0.0,0.01,0.97,0.02,"[18,50)",0.323,BASE,116,0.1125,0.323
819,0.0,0.0,0.42708476237138654,0.5729152376286135,"[2,5)",0.681,LAIV,117,0.1125,0.765375
820,0.0,0.01,0.99,0.0,"[50,65)",0.453,BASE,117,0.1125,0.453
821,0.0,0.0,0.48,0.52,"[5,9)",0.61,BASE,117,0.1125,0.61
822,0.33,0.0,0.67,0.0,"[65,106)",0.65,BASE,117,0.1125,0.65
823,0.0,0.0,0.48,0.52,"[9,18)",0.529,BASE,117,0.1125,0.529
824,0.0,0.0,0.704,0.0,"[0.5,2)",0.704,BASE,117,0.1125,0.704
825,0.0,0.28057405281285885,0.7194259471871411,0.0,"[18,50)",0.323,IIV ID,117,0.1125,0.4355
826,0.0,0.0,0.42708476237138654,0.5729152376286135,"[2,5)",0.681,LAIV,118,0.1125,0.765375
827,0.0,0.01,0.99,0.0,"[50,65)",0.453,BASE,118,0.1125,0.453
828,0.0,0.0,0.48,0.52,"[5,9)",0.61,BASE,118,0.1125,0.61
829,0.33,0.0,0.67,0.0,"[65,106)",0.65,BASE,118,0.1125,0.65
830,0.0,0.0,0.48,0.52,"[9,18)",0.529,BASE,118,0.1125,0.529
831,0.0,0.0,0.704,0.0,"[0.5,2)",0.704,BASE,118,0.1125,0.704
832,0.0,0.0,0.7194259471871411,0.28057405281285885,"[18,50)",0.323,LAIV,118,0.1125,0.4355
833,0.0,0.0,0.42708476237138654,0.5729152376286135,"[2,5)",0.681,LAIV,119,0.1125,0.765375
834,0.0,0.01,0.99,0.0,"[50,65)",0.453,BASE,119,0.1125,0.453
835,0.0,0.0,0.48,0.52,"[5,9)",0.61,BASE,119,0.1125,0.61
836,0.33,0.0,0.67,0.0,"[65,106)",0.65,BASE,119,0.1125,0.65
837,0.0,0.0,0.48,0.52,"[9,18)",0.529,BASE,119,0.1125,0.529
838,0.0,0.0,0.704,0.0,"[0.5,2)",0.704,BASE,119,0.1125,0.704
839,0.0,0.01,0.97,0.02,"[18,50)",0.323,BASE,119,0.1125,0.323
840,0.0,0.0,0.48,0.52,"[2,5)",0.681,BASE,120,0.1125,0.681
841,0.0,0.14301683984235047,0.8569831601576495,0.0,"[50,65)",0.453,IIV ID,120,0.1125,0.5233125000000001
842,0.0,0.0,0.4216741674167417,0.5783258325832583,"[5,9)",0.61,LAIV,120,0.1125,0.694375
843,0.33,0.0,0.67,0.0,"[65,106)",0.65,BASE,120,0.1125,0.65
844,0.0,0.0,0.41397187691053594,0.5860281230894641,"[9,18)",0.529,LAIV,120,0.1125,0.613375
845,0.0,0.0,0.704,0.0,"[0.5,2)",0.704,BASE,120,0.1125,0.704
846,0.0,0.28057405281285885,0.7194259471871411,0.0,"[18,50)",0.323,IIV ID,120,0.1125,0.4355
847,0.0,0.0,0.48,0.52,"[2,5)",0.681,BASE,121,0.1125,0.681
848,0.0,0.14301683984235047,0.8569831601576495,0.0,"[50,65)",0.453,IIV ID,121,0.1125,0.5233125000000001
849,0.0,0.0,0.4216741674167417,0.5783258325832583,"[5,9)",0.61,LAIV,121,0.1125,0.694375
850,0.33,0.0,0.67,0.0,"[65,106)",0.65,BASE,121,0.1125,0.65
851,0.0,0.0,0.41397187691053594,0.5860281230894641,"[9,18)",0.529,LAIV,121,0.1125,0.613375
852,0.0,0.0,0.704,0.0,"[0.5,2)",0.704,BASE,121,0.1125,0.704
853,0.0,0.0,0.7194259471871411,0.28057405281285885,"[18,50)",0.323,LAIV,121,0.1125,0.4355
854,0.0,0.0,0.48,0.52,"[2,5)",0.681,BASE,122,0.1125,0.681
855,0.0,0.14301683984235047,0.8569831601576495,0.0,"[50,65)",0.453,IIV ID,122,0.1125,0.5233125000000001
856,0.0,0.0,0.4216741674167417,0.5783258325832583,"[5,9)",0.61,LAIV,122,0.1125,0.694375
857,0.33,0.0,0.67,0.0,"[65,106)",0.65,BASE,122,0.1125,0.65
858,0.0,0.0,0.41397187691053594,0.5860281230894641,"[9,18)",0.529,LAIV,122,0.1125,0.613375
859,0.0,0.0,0.704,0.0,"[0.5,2)",0.704,BASE,122,0.1125,0.704
860,0.0,0.01,0.97,0.02,"[18,50)",0.323,BASE,122,0.1125,0.323
861,0.0,0.0,0.48,0.52,"[2,5)",0.681,BASE,123,0.1125,0.681
862,0.0,0.14301683984235047,0.8569831601576495,0.0,"[50,65)",0.453,IIV ID,123,0.1125,0.5233125000000001
863,0.0,0.0,0.4216741674167417,0.5783258325832583,"[5,9)",0.61,LAIV,123,0.1125,0.694375
864,0.33,0.0,0.67,0.0,"[65,106)",0.65,BASE,123,0.1125,0.65
865,0.0,0.0,0.48,0.52,"[9,18)",0.529,BASE,123,0.1125,0.529
866,0.0,0.0,0.704,0.0,"[0.5,2)",0.704,BASE,123,0.1125,0.704
867,0.0,0.28057405281285885,0.7194259471871411,0.0,"[18,50)",0.323,IIV ID,123,0.1125,0.4355
868,0.0,0.0,0.48,0.52,"[2,5)",0.681,BASE,124,0.1125,0.681
869,0.0,0.14301683984235047,0.8569831601576495,0.0,"[50,65)",0.453,IIV ID,124,0.1125,0.5233125000000001
870,0.0,0.0,0.4216741674167417,0.5783258325832583,"[5,9)",0.61,LAIV,124,0.1125,0.694375
871,0.33,0.0,0.67,0.0,"[65,106)",0.65,BASE,124,0.1125,0.65
872,0.0,0.0,0.48,0.52,"[9,18)",0.529,BASE,124,0.1125,0.529
873,0.0,0.0,0.704,0.0,"[0.5,2)",0.704,BASE,124,0.1125,0.704
874,0.0,0.0,0.7194259471871411,0.28057405281285885,"[18,50)",0.323,LAIV,124,0.1125,0.4355
875,0.0,0.0,0.48,0.52,"[2,5)",0.681,BASE,125,0.1125,0.681
876,0.0,0.14301683984235047,0.8569831601576495,0.0,"[50,65)",0.453,IIV ID,125,0.1125,0.5233125000000001
877,0.0,0.0,0.4216741674167417,0.5783258325832583,"[5,9)",0.61,LAIV,125,0.1125,0.694375
878,0.33,0.0,0.67,0.0,"[65,106)",0.65,BASE,125,0.1125,0.65
879,0.0,0.0,0.48,0.52,"[9,18)",0.529,BASE,125,0.1125,0.529
880,0.0,0.0,0.704,0.0,"[0.5,2)",0.704,BASE,125,0.1125,0.704
881,0.0,0.01,0.97,0.02,"[18,50)",0.323,BASE,125,0.1125,0.323
882,0.0,0.0,0.48,0.52,"[2,5)",0.681,BASE,126,0.1125,0.681
883,0.0,0.14301683984235047,0.8569831601576495,0.0,"[50,65)",0.453,IIV ID,126,0.1125,0.5233125000000001
884,0.0,0.0,0.48,0.52,"[5,9)",0.61,BASE,126,0.1125,0.61
885,0.33,0.0,0.67,0.0,"[65,106)",0.65,BASE,126,0.1125,0.65
886,0.0,0.0,0.41397187691053594,0.5860281230894641,"[9,18)",0.529,LAIV,126,0.1125,0.613375
887,0.0,0.0,0.704,0.0,"[0.5,2)",0.704,BASE,126,0.1125,0.704
888,0.0,0.28057405281285885,0.7194259471871411,0.0,"[18,50)",0.323,IIV ID,126,0.1125,0.4355
889,0.0,0.0,0.48,0.52,"[2,5)",0.681,BASE,127,0.1125,0.681
890,0.0,0.14301683984235047,0.8569831601576495,0.0,"[50,65)",0.453,IIV ID,127,0.1125,0.5233125000000001
891,0.0,0.0,0.48,0.52,"[5,9)",0.61,BASE,127,0.1125,0.61
892,0.33,0.0,0.67,0.0,"[65,106)",0.65,BASE,127,0.1125,0.65
893,0.0,0.0,0.41397187691053594,0.5860281230894641,"[9,18)",0.529,LAIV,127,0.1125,0.613375
894,0.0,0.0,0.704,0.0,"[0.5,2)",0.704,BASE,127,0.1125,0.704
895,0.0,0.0,0.7194259471871411,0.28057405281285885,"[18,50)",0.323,LAIV,127,0.1125,0.4355
896,0.0,0.0,0.48,0.52,"[2,5)",0.681,BASE,128,0.1125,0.681
897,0.0,0.14301683984235047,0.8569831601576495,0.0,"[50,65)",0.453,IIV ID,128,0.1125,0.5233125000000001
898,0.0,0.0,0.48,0.52,"[5,9)",0.61,BASE,128,0.1125,0.61
899,0.33,0.0,0.67,0.0,"[65,106)",0.65,BASE,128,0.1125,0.65
900,0.0,0.0,0.41397187691053594,0.5860281230894641,"[9,18)",0.529,LAIV,128,0.1125,0.613375
901,0.0,0.0,0.704,0.0,"[0.5,2)",0.704,BASE,128,0.1125,0.704
902,0.0,0.01,0.97,0.02,"[18,50)",0.323,BASE,128,0.1125,0.323
903,0.0,0.0,0.48,0.52,"[2,5)",0.681,BASE,129,0.1125,0.681
904,0.0,0.14301683984235047,0.8569831601576495,0.0,"[50,65)",0.453,IIV ID,129,0.1125,0.5233125000000001
905,0.0,0.0,0.48,0.52,"[5,9)",0.61,BASE,129,0.1125,0.61
906,0.33,0.0,0.67,0.0,"[65,106)",0.65,BASE,129,0.1125,0.65
907,0.0,0.0,0.48,0.52,"[9,18)",0.529,BASE,129,0.1125,0.529
908,0.0,0.0,0.704,0.0,"[0.5,2)",0.704,BASE,129,0.1125,0.704
909,0.0,0.28057405281285885,0.7194259471871411,0.0,"[18,50)",0.323,IIV ID,129,0.1125,0.4355
910,0.0,0.0,0.48,0.52,"[2,5)",0.681,BASE,130,0.1125,0.681
911,0.0,0.14301683984235047,0.8569831601576495,0.0,"[50,65)",0.453,IIV ID,130,0.1125,0.5233125000000001
912,0.0,0.0,0.48,0.52,"[5,9)",0.61,BASE,130,0.1125,0.61
913,0.33,0.0,0.67,0.0,"[65,106)",0.65,BASE,130,0.1125,0.65
914,0.0,0.0,0.48,0.52,"[9,18)",0.529,BASE,130,0.1125,0.529
915,0.0,0.0,0.704,0.0,"[0.5,2)",0.704,BASE,130,0.1125,0.704
916,0.0,0.0,0.7194259471871411,0.28057405281285885,"[18,50)",0.323,LAIV,130,0.1125,0.4355
917,0.0,0.0,0.48,0.52,"[2,5)",0.681,BASE,131,0.1125,0.681
918,0.0,0.14301683984235047,0.8569831601576495,0.0,"[50,65)",0.453,IIV ID,131,0.1125,0.5233125000000001
919,0.0,0.0,0.48,0.52,"[5,9)",0.61,BASE,131,0.1125,0.61
920,0.33,0.0,0.67,0.0,"[65,106)",0.65,BASE,131,0.1125,0.65
921,0.0,0.0,0.48,0.52,"[9,18)",0.529,BASE,131,0.1125,0.529
922,0.0,0.0,0.704,0.0,"[0.5,2)",0.704,BASE,131,0.1125,0.704
923,0.0,0.01,0.97,0.02,"[18,50)",0.323,BASE,131,0.1125,0.323
924,0.0,0.0,0.48,0.52,"[2,5)",0.681,BASE,132,0.1125,0.681
925,0.0,0.01,0.99,0.0,"[50,65)",0.453,BASE,132,0.1125,0.453
926,0.0,0.0,0.4216741674167417,0.5783258325832583,"[5,9)",0.61,LAIV,132,0.1125,0.694375
927,0.33,0.0,0.67,0.0,"[65,106)",0.65,BASE,132,0.1125,0.65
928,0.0,0.0,0.41397187691053594,0.5860281230894641,"[9,18)",0.529,LAIV,132,0.1125,0.613375
929,0.0,0.0,0.704,0.0,"[0.5,2)",0.704,BASE,132,0.1125,0.704
930,0.0,0.28057405281285885,0.7194259471871411,0.0,"[18,50)",0.323,IIV ID,132,0.1125,0.4355
931,0.0,0.0,0.48,0.52,"[2,5)",0.681,BASE,133,0.1125,0.681
932,0.0,0.01,0.99,0.0,"[50,65)",0.453,BASE,133,0.1125,0.453
933,0.0,0.0,0.4216741674167417,0.5783258325832583,"[5,9)",0.61,LAIV,133,0.1125,0.694375
934,0.33,0.0,0.67,0.0,"[65,106)",0.65,BASE,133,0.1125,0.65
935,0.0,0.0,0.41397187691053594,0.5860281230894641,"[9,18)",0.529,LAIV,133,0.1125,0.613375
936,0.0,0.0,0.704,0.0,"[0.5,2)",0.704,BASE,133,0.1125,0.704
937,0.0,0.0,0.7194259471871411,0.28057405281285885,"[18,50)",0.323,LAIV,133,0.1125,0.4355
938,0.0,0.0,0.48,0.52,"[2,5)",0.681,BASE,134,0.1125,0.681
939,0.0,0.01,0.99,0.0,"[50,65)",0.453,BASE,134,0.1125,0.453
940,0.0,0.0,0.4216741674167417,0.5783258325832583,"[5,9)",0.61,LAIV,134,0.1125,0.694375
941,0.33,0.0,0.67,0.0,"[65,106)",0.65,BASE,134,0.1125,0.65
942,0.0,0.0,0.41397187691053594,0.5860281230894641,"[9,18)",0.529,LAIV,134,0.1125,0.613375
943,0.0,0.0,0.704,0.0,"[0.5,2)",0.704,BASE,134,0.1125,0.704
944,0.0,0.01,0.97,0.02,"[18,50)",0.323,BASE,134,0.1125,0.323
945,0.0,0.0,0.48,0.52,"[2,5)",0.681,BASE,135,0.1125,0.681
946,0.0,0.01,0.99,0.0,"[50,65)",0.453,BASE,135,0.1125,0.453
947,0.0,0.0,0.4216741674167417,0.5783258325832583,"[5,9)",0.61,LAIV,135,0.1125,0.694375
948,0.33,0.0,0.67,0.0,"[65,106)",0.65,BASE,135,0.1125,0.65
949,0.0,0.0,0.48,0.52,"[9,18)",0.529,BASE,135,0.1125,0.529
950,0.0,0.0,0.704,0.0,"[0.5,2)",0.704,BASE,135,0.1125,0.704
951,0.0,0.28057405281285885,0.7194259471871411,0.0,"[18,50)",0.323,IIV ID,135,0.1125,0.4355
952,0.0,0.0,0.48,0.52,"[2,5)",0.681,BASE,136,0.1125,0.681
953,0.0,0.01,0.99,0.0,"[50,65)",0.453,BASE,136,0.1125,0.453
954,0.0,0.0,0.4216741674167417,0.5783258325832583,"[5,9)",0.61,LAIV,136,0.1125,0.694375
955,0.33,0.0,0.67,0.0,"[65,106)",0.65,BASE,136,0.1125,0.65
956,0.0,0.0,0.48,0.52,"[9,18)",0.529,BASE,136,0.1125,0.529
957,0.0,0.0,0.704,0.0,"[0.5,2)",0.704,BASE,136,0.1125,0.704
958,0.0,0.0,0.7194259471871411,0.28057405281285885,"[18,50)",0.323,LAIV,136,0.1125,0.4355
959,0.0,0.0,0.48,0.52,"[2,5)",0.681,BASE,137,0.1125,0.681
960,0.0,0.01,0.99,0.0,"[50,65)",0.453,BASE,137,0.1125,0.453
961,0.0,0.0,0.4216741674167417,0.5783258325832583,"[5,9)",0.61,LAIV,137,0.1125,0.694375
962,0.33,0.0,0.67,0.0,"[65,106)",0.65,BASE,137,0.1125,0.65
963,0.0,0.0,0.48,0.52,"[9,18)",0.529,BASE,137,0.1125,0.529
964,0.0,0.0,0.704,0.0,"[0.5,2)",0.704,BASE,137,0.1125,0.704
965,0.0,0.01,0.97,0.02,"[18,50)",0.323,BASE,137,0.1125,0.323
966,0.0,0.0,0.48,0.52,"[2,5)",0.681,BASE,138,0.1125,0.681
967,0.0,0.01,0.99,0.0,"[50,65)",0.453,BASE,138,0.1125,0.453
968,0.0,0.0,0.48,0.52,"[5,9)",0.61,BASE,138,0.1125,0.61
969,0.33,0.0,0.67,0.0,"[65,106)",0.65,BASE,138,0.1125,0.65
970,0.0,0.0,0.41397187691053594,0.5860281230894641,"[9,18)",0.529,LAIV,138,0.1125,0.613375
971,0.0,0.0,0.704,0.0,"[0.5,2)",0.704,BASE,138,0.1125,0.704
972,0.0,0.28057405281285885,0.7194259471871411,0.0,"[18,50)",0.323,IIV ID,138,0.1125,0.4355
973,0.0,0.0,0.48,0.52,"[2,5)",0.681,BASE,139,0.1125,0.681
974,0.0,0.01,0.99,0.0,"[50,65)",0.453,BASE,139,0.1125,0.453
975,0.0,0.0,0.48,0.52,"[5,9)",0.61,BASE,139,0.1125,0.61
976,0.33,0.0,0.67,0.0,"[65,106)",0.65,BASE,139,0.1125,0.65
977,0.0,0.0,0.41397187691053594,0.5860281230894641,"[9,18)",0.529,LAIV,139,0.1125,0.613375
978,0.0,0.0,0.704,0.0,"[0.5,2)",0.704,BASE,139,0.1125,0.704
979,0.0,0.0,0.7194259471871411,0.28057405281285885,"[18,50)",0.323,LAIV,139,0.1125,0.4355
980,0.0,0.0,0.48,0.52,"[2,5)",0.681,BASE,140,0.1125,0.681
981,0.0,0.01,0.99,0.0,"[50,65)",0.453,BASE,140,0.1125,0.453
982,0.0,0.0,0.48,0.52,"[5,9)",0.61,BASE,140,0.1125,0.61
983,0.33,0.0,0.67,0.0,"[65,106)",0.65,BASE,140,0.1125,0.65
984,0.0,0.0,0.41397187691053594,0.5860281230894641,"[9,18)",0.529,LAIV,140,0.1125,0.613375
985,0.0,0.0,0.704,0.0,"[0.5,2)",0.704,BASE,140,0.1125,0.704
986,0.0,0.01,0.97,0.02,"[18,50)",0.323,BASE,140,0.1125,0.323
987,0.0,0.0,0.48,0.52,"[2,5)",0.681,BASE,141,0.1125,0.681
988,0.0,0.01,0.99,0.0,"[50,65)",0.453,BASE,141,0.1125,0.453
989,0.0,0.0,0.48,0.52,"[5,9)",0.61,BASE,141,0.1125,0.61
990,0.33,0.0,0.67,0.0,"[65,106)",0.65,BASE,141,0.1125,0.65
991,0.0,0.0,0.48,0.52,"[9,18)",0.529,BASE,141,0.1125,0.529
992,0.0,0.0,0.704,0.0,"[0.5,2)",0.704,BASE,141,0.1125,0.704
993,0.0,0.28057405281285885,0.7194259471871411,0.0,"[18,50)",0.323,IIV ID,141,0.1125,0.4355
994,0.0,0.0,0.48,0.52,"[2,5)",0.681,BASE,142,0.1125,0.681
995,0.0,0.01,0.99,0.0,"[50,65)",0.453,BASE,142,0.1125,0.453
996,0.0,0.0,0.48,0.52,"[5,9)",0.61,BASE,142,0.1125,0.61
997,0.33,0.0,0.67,0.0,"[65,106)",0.65,BASE,142,0.1125,0.65
998,0.0,0.0,0.48,0.52,"[9,18)",0.529,BASE,142,0.1125,0.529
999,0.0,0.0,0.704,0.0,"[0.5,2)",0.704,BASE,142,0.1125,0.704
1000,0.0,0.0,0.7194259471871411,0.28057405281285885,"[18,50)",0.323,LAIV,142,0.1125,0.4355
1001,0.0,0.0,0.48,0.52,"[2,5)",0.681,BASE,143,0.1125,0.681
1002,0.0,0.01,0.99,0.0,"[50,65)",0.453,BASE,143,0.1125,0.453
1003,0.0,0.0,0.48,0.52,"[5,9)",0.61,BASE,143,0.1125,0.61
1004,0.33,0.0,0.67,0.0,"[65,106)",0.65,BASE,143,0.1125,0.65
1005,0.0,0.0,0.48,0.52,"[9,18)",0.529,BASE,143,0.1125,0.529
1006,0.0,0.0,0.704,0.0,"[0.5,2)",0.704,BASE,143,0.1125,0.704
1007,0.0,0.01,0.97,0.02,"[18,50)",0.323,BASE,143,0.1125,0.323
1008,0.0,0.0,0.4080898876404494,0.5919101123595506,"[2,5)",0.681,LAIV,144,0.16,0.801
1009,0.0,0.18902350813743218,0.8109764918625678,0.0,"[50,65)",0.453,IIV ID,144,0.16,0.553
1010,0.0,0.0,0.40109589041095894,0.5989041095890411,"[5,9)",0.61,LAIV,144,0.16,0.73
1011,0.33,0.0,0.67,0.0,"[65,106)",0.65,BASE,144,0.16,0.65
1012,0.0,0.0,0.3912480739599383,0.6087519260400617,"[9,18)",0.529,LAIV,144,0.16,0.649
1013,0.0,0.0,0.704,0.0,"[0.5,2)",0.704,BASE,144,0.16,0.704
1014,0.0,0.3513250517598344,0.6486749482401656,0.0,"[18,50)",0.323,IIV ID,144,0.16,0.483
1015,0.0,0.0,0.4080898876404494,0.5919101123595506,"[2,5)",0.681,LAIV,145,0.16,0.801
1016,0.0,0.18902350813743218,0.8109764918625678,0.0,"[50,65)",0.453,IIV ID,145,0.16,0.553
1017,0.0,0.0,0.40109589041095894,0.5989041095890411,"[5,9)",0.61,LAIV,145,0.16,0.73
1018,0.33,0.0,0.67,0.0,"[65,106)",0.65,BASE,145,0.16,0.65
1019,0.0,0.0,0.3912480739599383,0.6087519260400617,"[9,18)",0.529,LAIV,145,0.16,0.649
1020,0.0,0.0,0.704,0.0,"[0.5,2)",0.704,BASE,145,0.16,0.704
1021,0.0,0.0,0.6486749482401656,0.3513250517598344,"[18,50)",0.323,LAIV,145,0.16,0.483
1022,0.0,0.0,0.4080898876404494,0.5919101123595506,"[2,5)",0.681,LAIV,146,0.16,0.801
1023,0.0,0.18902350813743218,0.8109764918625678,0.0,"[50,65)",0.453,IIV ID,146,0.16,0.553
1024,0.0,0.0,0.40109589041095894,0.5989041095890411,"[5,9)",0.61,LAIV,146,0.16,0.73
1025,0.33,0.0,0.67,0.0,"[65,106)",0.65,BASE,146,0.16,0.65
1026,0.0,0.0,0.3912480739599383,0.6087519260400617,"[9,18)",0.529,LAIV,146,0.16,0.649
1027,0.0,0.0,0.704,0.0,"[0.5,2)",0.704,BASE,146,0.16,0.704
1028,0.0,0.01,0.97,0.02,"[18,50)",0.323,BASE,146,0.16,0.323
1029,0.0,0.0,0.4080898876404494,0.5919101123595506,"[2,5)",0.681,LAIV,147,0.16,0.801
1030,0.0,0.18902350813743218,0.8109764918625678,0.0,"[50,65)",0.453,IIV ID,147,0.16,0.553
1031,0.0,0.0,0.40109589041095894,0.5989041095890411,"[5,9)",0.61,LAIV,147,0.16,0.73
1032,0.33,0.0,0.67,0.0,"[65,106)",0.65,BASE,147,0.16,0.65
1033,0.0,0.0,0.48,0.52,"[9,18)",0.529,BASE,147,0.16,0.529
1034,0.0,0.0,0.704,0.0,"[0.5,2)",0.704,BASE,147,0.16,0.704
1035,0.0,0.3513250517598344,0.6486749482401656,0.0,"[18,50)",0.323,IIV ID,147,0.16,0.483
1036,0.0,0.0,0.4080898876404494,0.5919101123595506,"[2,5)",0.681,LAIV,148,0.16,0.801
1037,0.0,0.18902350813743218,0.8109764918625678,0.0,"[50,65)",0.453,IIV ID,148,0.16,0.553
1038,0.0,0.0,0.40109589041095894,0.5989041095890411,"[5,9)",0.61,LAIV,148,0.16,0.73
1039,0.33,0.0,0.67,0.0,"[65,106)",0.65,BASE,148,0.16,0.65
1040,0.0,0.0,0.48,0.52,"[9,18)",0.529,BASE,148,0.16,0.529
1041,0.0,0.0,0.704,0.0,"[0.5,2)",0.704,BASE,148,0.16,0.704
1042,0.0,0.0,0.6486749482401656,0.3513250517598344,"[18,50)",0.323,LAIV,148,0.16,0.483
1043,0.0,0.0,0.4080898876404494,0.5919101123595506,"[2,5)",0.681,LAIV,149,0.16,0.801
1044,0.0,0.18902350813743218,0.8109764918625678,0.0,"[50,65)",0.453,IIV ID,149,0.16,0.553
1045,0.0,0.0,0.40109589041095894,0.5989041095890411,"[5,9)",0.61,LAIV,149,0.16,0.73
1046,0.33,0.0,0.67,0.0,"[65,106)",0.65,BASE,149,0.16,0.65
1047,0.0,0.0,0.48,0.52,"[9,18)",0.529,BASE,149,0.16,0.529
1048,0.0,0.0,0.704,0.0,"[0.5,2)",0.704,BASE,149,0.16,0.704
1049,0.0,0.01,0.97,0.02,"[18,50)",0.323,BASE,149,0.16,0.323
1050,0.0,0.0,0.4080898876404494,0.5919101123595506,"[2,5)",0.681,LAIV,150,0.16,0.801
1051,0.0,0.18902350813743218,0.8109764918625678,0.0,"[50,65)",0.453,IIV ID,150,0.16,0.553
1052,0.0,0.0,0.48,0.52,"[5,9)",0.61,BASE,150,0.16,0.61
1053,0.33,0.0,0.67,0.0,"[65,106)",0.65,BASE,150,0.16,0.65
1054,0.0,0.0,0.3912480739599383,0.6087519260400617,"[9,18)",0.529,LAIV,150,0.16,0.649
1055,0.0,0.0,0.704,0.0,"[0.5,2)",0.704,BASE,150,0.16,0.704
1056,0.0,0.3513250517598344,0.6486749482401656,0.0,"[18,50)",0.323,IIV ID,150,0.16,0.483
1057,0.0,0.0,0.4080898876404494,0.5919101123595506,"[2,5)",0.681,LAIV,151,0.16,0.801
1058,0.0,0.18902350813743218,0.8109764918625678,0.0,"[50,65)",0.453,IIV ID,151,0.16,0.553
1059,0.0,0.0,0.48,0.52,"[5,9)",0.61,BASE,151,0.16,0.61
1060,0.33,0.0,0.67,0.0,"[65,106)",0.65,BASE,151,0.16,0.65
1061,0.0,0.0,0.3912480739599383,0.6087519260400617,"[9,18)",0.529,LAIV,151,0.16,0.649
1062,0.0,0.0,0.704,0.0,"[0.5,2)",0.704,BASE,151,0.16,0.704
1063,0.0,0.0,0.6486749482401656,0.3513250517598344,"[18,50)",0.323,LAIV,151,0.16,0.483
1064,0.0,0.0,0.4080898876404494,0.5919101123595506,"[2,5)",0.681,LAIV,152,0.16,0.801
1065,0.0,0.18902350813743218,0.8109764918625678,0.0,"[50,65)",0.453,IIV ID,152,0.16,0.553
1066,0.0,0.0,0.48,0.52,"[5,9)",0.61,BASE,152,0.16,0.61
1067,0.33,0.0,0.67,0.0,"[65,106)",0.65,BASE,152,0.16,0.65
1068,0.0,0.0,0.3912480739599383,0.6087519260400617,"[9,18)",0.529,LAIV,152,0.16,0.649
1069,0.0,0.0,0.704,0.0,"[0.5,2)",0.704,BASE,152,0.16,0.704
1070,0.0,0.01,0.97,0.02,"[18,50)",0.323,BASE,152,0.16,0.323
1071,0.0,0.0,0.4080898876404494,0.5919101123595506,"[2,5)",0.681,LAIV,153,0.16,0.801
1072,0.0,0.18902350813743218,0.8109764918625678,0.0,"[50,65)",0.453,IIV ID,153,0.16,0.553
1073,0.0,0.0,0.48,0.52,"[5,9)",0.61,BASE,153,0.16,0.61
1074,0.33,0.0,0.67,0.0,"[65,106)",0.65,BASE,153,0.16,0.65
1075,0.0,0.0,0.48,0.52,"[9,18)",0.529,BASE,153,0.16,0.529
1076,0.0,0.0,0.704,0.0,"[0.5,2)",0.704,BASE,153,0.16,0.704
1077,0.0,0.3513250517598344,0.6486749482401656,0.0,"[18,50)",0.323,IIV ID,153,0.16,0.483
1078,0.0,0.0,0.4080898876404494,0.5919101123595506,"[2,5)",0.681,LAIV,154,0.16,0.801
1079,0.0,0.18902350813743218,0.8109764918625678,0.0,"[50,65)",0.453,IIV ID,154,0.16,0.553
1080,0.0,0.0,0.48,0.52,"[5,9)",0.61,BASE,154,0.16,0.61
1081,0.33,0.0,0.67,0.0,"[65,106)",0.65,BASE,154,0.16,0.65
1082,0.0,0.0,0.48,0.52,"[9,18)",0.529,BASE,154,0.16,0.529
1083,0.0,0.0,0.704,0.0,"[0.5,2)",0.704,BASE,154,0.16,0.704
1084,0.0,0.0,0.6486749482401656,0.3513250517598344,"[18,50)",0.323,LAIV,154,0.16,0.483
1085,0.0,0.0,0.4080898876404494,0.5919101123595506,"[2,5)",0.681,LAIV,155,0.16,0.801
1086,0.0,0.18902350813743218,0.8109764918625678,0.0,"[50,65)",0.453,IIV ID,155,0.16,0.553
1087,0.0,0.0,0.48,0.52,"[5,9)",0.61,BASE,155,0.16,0.61
1088,0.33,0.0,0.67,0.0,"[65,106)",0.65,BASE,155,0.16,0.65
1089,0.0,0.0,0.48,0.52,"[9,18)",0.529,BASE,155,0.16,0.529
1090,0.0,0.0,0.704,0.0,"[0.5,2)",0.704,BASE,155,0.16,0.704
1091,0.0,0.01,0.97,0.02,"[18,50)",0.323,BASE,155,0.16,0.323
1092,0.0,0.0,0.4080898876404494,0.5919101123595506,"[2,5)",0.681,LAIV,156,0.16,0.801
1093,0.0,0.01,0.99,0.0,"[50,65)",0.453,BASE,156,0.16,0.453
1094,0.0,0.0,0.40109589041095894,0.5989041095890411,"[5,9)",0.61,LAIV,156,0.16,0.73
1095,0.33,0.0,0.67,0.0,"[65,106)",0.65,BASE,156,0.16,0.65
1096,0.0,0.0,0.3912480739599383,0.6087519260400617,"[9,18)",0.529,LAIV,156,0.16,0.649
1097,0.0,0.0,0.704,0.0,"[0.5,2)",0.704,BASE,156,0.16,0.704
1098,0.0,0.3513250517598344,0.6486749482401656,0.0,"[18,50)",0.323,IIV ID,156,0.16,0.483
1099,0.0,0.0,0.4080898876404494,0.5919101123595506,"[2,5)",0.681,LAIV,157,0.16,0.801
1100,0.0,0.01,0.99,0.0,"[50,65)",0.453,BASE,157,0.16,0.453
1101,0.0,0.0,0.40109589041095894,0.5989041095890411,"[5,9)",0.61,LAIV,157,0.16,0.73
1102,0.33,0.0,0.67,0.0,"[65,106)",0.65,BASE,157,0.16,0.65
1103,0.0,0.0,0.3912480739599383,0.6087519260400617,"[9,18)",0.529,LAIV,157,0.16,0.649
1104,0.0,0.0,0.704,0.0,"[0.5,2)",0.704,BASE,157,0.16,0.704
1105,0.0,0.0,0.6486749482401656,0.3513250517598344,"[18,50)",0.323,LAIV,157,0.16,0.483
1106,0.0,0.0,0.4080898876404494,0.5919101123595506,"[2,5)",0.681,LAIV,158,0.16,0.801
1107,0.0,0.01,0.99,0.0,"[50,65)",0.453,BASE,158,0.16,0.453
1108,0.0,0.0,0.40109589041095894,0.5989041095890411,"[5,9)",0.61,LAIV,158,0.16,0.73
1109,0.33,0.0,0.67,0.0,"[65,106)",0.65,BASE,158,0.16,0.65
1110,0.0,0.0,0.3912480739599383,0.6087519260400617,"[9,18)",0.529,LAIV,158,0.16,0.649
1111,0.0,0.0,0.704,0.0,"[0.5,2)",0.704,BASE,158,0.16,0.704
1112,0.0,0.01,0.97,0.02,"[18,50)",0.323,BASE,158,0.16,0.323
1113,0.0,0.0,0.4080898876404494,0.5919101123595506,"[2,5)",0.681,LAIV,159,0.16,0.801
1114,0.0,0.01,0.99,0.0,"[50,65)",0.453,BASE,159,0.16,0.453
1115,0.0,0.0,0.40109589041095894,0.5989041095890411,"[5,9)",0.61,LAIV,159,0.16,0.73
1116,0.33,0.0,0.67,0.0,"[65,106)",0.65,BASE,159,0.16,0.65
1117,0.0,0.0,0.48,0.52,"[9,18)",0.529,BASE,159,0.16,0.529
1118,0.0,0.0,0.704,0.0,"[0.5,2)",0.704,BASE,159,0.16,0.704
1119,0.0,0.3513250517598344,0.6486749482401656,0.0,"[18,50)",0.323,IIV ID,159,0.16,0.483
1120,0.0,0.0,0.4080898876404494,0.5919101123595506,"[2,5)",0.681,LAIV,160,0.16,0.801
1121,0.0,0.01,0.99,0.0,"[50,65)",0.453,BASE,160,0.16,0.453
1122,0.0,0.0,0.40109589041095894,0.5989041095890411,"[5,9)",0.61,LAIV,160,0.16,0.73
1123,0.33,0.0,0.67,0.0,"[65,106)",0.65,BASE,160,0.16,0.65
1124,0.0,0.0,0.48,0.52,"[9,18)",0.529,BASE,160,0.16,0.529
1125,0.0,0.0,0.704,0.0,"[0.5,2)",0.704,BASE,160,0.16,0.704
1126,0.0,0.0,0.6486749482401656,0.3513250517598344,"[18,50)",0.323,LAIV,160,0.16,0.483
1127,0.0,0.0,0.4080898876404494,0.5919101123595506,"[2,5)",0.681,LAIV,161,0.16,0.801
1128,0.0,0.01,0.99,0.0,"[50,65)",0.453,BASE,161,0.16,0.453
1129,0.0,0.0,0.40109589041095894,0.5989041095890411,"[5,9)",0.61,LAIV,161,0.16,0.73
1130,0.33,0.0,0.67,0.0,"[65,106)",0.65,BASE,161,0.16,0.65
1131,0.0,0.0,0.48,0.52,"[9,18)",0.529,BASE,161,0.16,0.529
1132,0.0,0.0,0.704,0.0,"[0.5,2)",0.704,BASE,161,0.16,0.704
1133,0.0,0.01,0.97,0.02,"[18,50)",0.323,BASE,161,0.16,0.323
1134,0.0,0.0,0.4080898876404494,0.5919101123595506,"[2,5)",0.681,LAIV,162,0.16,0.801
1135,0.0,0.01,0.99,0.0,"[50,65)",0.453,BASE,162,0.16,0.453
1136,0.0,0.0,0.48,0.52,"[5,9)",0.61,BASE,162,0.16,0.61
1137,0.33,0.0,0.67,0.0,"[65,106)",0.65,BASE,162,0.16,0.65
1138,0.0,0.0,0.3912480739599383,0.6087519260400617,"[9,18)",0.529,LAIV,162,0.16,0.649
1139,0.0,0.0,0.704,0.0,"[0.5,2)",0.704,BASE,162,0.16,0.704
1140,0.0,0.3513250517598344,0.6486749482401656,0.0,"[18,50)",0.323,IIV ID,162,0.16,0.483
1141,0.0,0.0,0.4080898876404494,0.5919101123595506,"[2,5)",0.681,LAIV,163,0.16,0.801
1142,0.0,0.01,0.99,0.0,"[50,65)",0.453,BASE,163,0.16,0.453
1143,0.0,0.0,0.48,0.52,"[5,9)",0.61,BASE,163,0.16,0.61
1144,0.33,0.0,0.67,0.0,"[65,106)",0.65,BASE,163,0.16,0.65
1145,0.0,0.0,0.3912480739599383,0.6087519260400617,"[9,18)",0.529,LAIV,163,0.16,0.649
1146,0.0,0.0,0.704,0.0,"[0.5,2)",0.704,BASE,163,0.16,0.704
1147,0.0,0.0,0.6486749482401656,0.3513250517598344,"[18,50)",0.323,LAIV,163,0.16,0.483
1148,0.0,0.0,0.4080898876404494,0.5919101123595506,"[2,5)",0.681,LAIV,164,0.16,0.801
1149,0.0,0.01,0.99,0.0,"[50,65)",0.453,BASE,164,0.16,0.453
1150,0.0,0.0,0.48,0.52,"[5,9)",0.61,BASE,164,0.16,0.61
1151,0.33,0.0,0.67,0.0,"[65,106)",0.65,BASE,164,0.16,0.65
1152,0.0,0.0,0.3912480739599383,0.6087519260400617,"[9,18)",0.529,LAIV,164,0.16,0.649
1153,0.0,0.0,0.704,0.0,"[0.5,2)",0.704,BASE,164,0.16,0.704
1154,0.0,0.01,0.97,0.02,"[18,50)",0.323,BASE,164,0.16,0.323
1155,0.0,0.0,0.4080898876404494,0.5919101123595506,"[2,5)",0.681,LAIV,165,0.16,0.801
1156,0.0,0.01,0.99,0.0,"[50,65)",0.453,BASE,165,0.16,0.453
1157,0.0,0.0,0.48,0.52,"[5,9)",0.61,BASE,165,0.16,0.61
1158,0.33,0.0,0.67,0.0,"[65,106)",0.65,BASE,165,0.16,0.65
1159,0.0,0.0,0.48,0.52,"[9,18)",0.529,BASE,165,0.16,0.529
1160,0.0,0.0,0.704,0.0,"[0.5,2)",0.704,BASE,165,0.16,0.704
1161,0.0,0.3513250517598344,0.6486749482401656,0.0,"[18,50)",0.323,IIV ID,165,0.16,0.483
1162,0.0,0.0,0.4080898876404494,0.5919101123595506,"[2,5)",0.681,LAIV,166,0.16,0.801
1163,0.0,0.01,0.99,0.0,"[50,65)",0.453,BASE,166,0.16,0.453
1164,0.0,0.0,0.48,0.52,"[5,9)",0.61,BASE,166,0.16,0.61
1165,0.33,0.0,0.67,0.0,"[65,106)",0.65,BASE,166,0.16,0.65
1166,0.0,0.0,0.48,0.52,"[9,18)",0.529,BASE,166,0.16,0.529
1167,0.0,0.0,0.704,0.0,"[0.5,2)",0.704,BASE,166,0.16,0.704
1168,0.0,0.0,0.6486749482401656,0.3513250517598344,"[18,50)",0.323,LAIV,166,0.16,0.483
1169,0.0,0.0,0.4080898876404494,0.5919101123595506,"[2,5)",0.681,LAIV,167,0.16,0.801
1170,0.0,0.01,0.99,0.0,"[50,65)",0.453,BASE,167,0.16,0.453
1171,0.0,0.0,0.48,0.52,"[5,9)",0.61,BASE,167,0.16,0.61
1172,0.33,0.0,0.67,0.0,"[65,106)",0.65,BASE,167,0.16,0.65
1173,0.0,0.0,0.48,0.52,"[9,18)",0.529,BASE,167,0.16,0.529
1174,0.0,0.0,0.704,0.0,"[0.5,2)",0.704,BASE,167,0.16,0.704
1175,0.0,0.01,0.97,0.02,"[18,50)",0.323,BASE,167,0.16,0.323
1176,0.0,0.0,0.48,0.52,"[2,5)",0.681,BASE,168,0.16,0.681
1177,0.0,0.18902350813743218,0.8109764918625678,0.0,"[50,65)",0.453,IIV ID,168,0.16,0.553
1178,0.0,0.0,0.40109589041095894,0.5989041095890411,"[5,9)",0.61,LAIV,168,0.16,0.73
1179,0.33,0.0,0.67,0.0,"[65,106)",0.65,BASE,168,0.16,0.65
1180,0.0,0.0,0.3912480739599383,0.6087519260400617,"[9,18)",0.529,LAIV,168,0.16,0.649
1181,0.0,0.0,0.704,0.0,"[0.5,2)",0.704,BASE,168,0.16,0.704
1182,0.0,0.3513250517598344,0.6486749482401656,0.0,"[18,50)",0.323,IIV ID,168,0.16,0.483
1183,0.0,0.0,0.48,0.52,"[2,5)",0.681,BASE,169,0.16,0.681
1184,0.0,0.18902350813743218,0.8109764918625678,0.0,"[50,65)",0.453,IIV ID,169,0.16,0.553
1185,0.0,0.0,0.40109589041095894,0.5989041095890411,"[5,9)",0.61,LAIV,169,0.16,0.73
1186,0.33,0.0,0.67,0.0,"[65,106)",0.65,BASE,169,0.16,0.65
1187,0.0,0.0,0.3912480739599383,0.6087519260400617,"[9,18)",0.529,LAIV,169,0.16,0.649
1188,0.0,0.0,0.704,0.0,"[0.5,2)",0.704,BASE,169,0.16,0.704
1189,0.0,0.0,0.6486749482401656,0.3513250517598344,"[18,50)",0.323,LAIV,169,0.16,0.483
1190,0.0,0.0,0.48,0.52,"[2,5)",0.681,BASE,170,0.16,0.681
1191,0.0,0.18902350813743218,0.8109764918625678,0.0,"[50,65)",0.453,IIV ID,170,0.16,0.553
1192,0.0,0.0,0.40109589041095894,0.5989041095890411,"[5,9)",0.61,LAIV,170,0.16,0.73
1193,0.33,0.0,0.67,0.0,"[65,106)",0.65,BASE,170,0.16,0.65
1194,0.0,0.0,0.3912480739599383,0.6087519260400617,"[9,18)",0.529,LAIV,170,0.16,0.649
1195,0.0,0.0,0.704,0.0,"[0.5,2)",0.704,BASE,170,0.16,0.704
1196,0.0,0.01,0.97,0.02,"[18,50)",0.323,BASE,170,0.16,0.323
1197,0.0,0.0,0.48,0.52,"[2,5)",0.681,BASE,171,0.16,0.681
1198,0.0,0.18902350813743218,0.8109764918625678,0.0,"[50,65)",0.453,IIV ID,171,0.16,0.553
1199,0.0,0.0,0.40109589041095894,0.5989041095890411,"[5,9)",0.61,LAIV,171,0.16,0.73
1200,0.33,0.0,0.67,0.0,"[65,106)",0.65,BASE,171,0.16,0.65
1201,0.0,0.0,0.48,0.52,"[9,18)",0.529,BASE,171,0.16,0.529
1202,0.0,0.0,0.704,0.0,"[0.5,2)",0.704,BASE,171,0.16,0.704
1203,0.0,0.3513250517598344,0.6486749482401656,0.0,"[18,50)",0.323,IIV ID,171,0.16,0.483
1204,0.0,0.0,0.48,0.52,"[2,5)",0.681,BASE,172,0.16,0.681
1205,0.0,0.18902350813743218,0.8109764918625678,0.0,"[50,65)",0.453,IIV ID,172,0.16,0.553
1206,0.0,0.0,0.40109589041095894,0.5989041095890411,"[5,9)",0.61,LAIV,172,0.16,0.73
1207,0.33,0.0,0.67,0.0,"[65,106)",0.65,BASE,172,0.16,0.65
1208,0.0,0.0,0.48,0.52,"[9,18)",0.529,BASE,172,0.16,0.529
1209,0.0,0.0,0.704,0.0,"[0.5,2)",0.704,BASE,172,0.16,0.704
1210,0.0,0.0,0.6486749482401656,0.3513250517598344,"[18,50)",0.323,LAIV,172,0.16,0.483
1211,0.0,0.0,0.48,0.52,"[2,5)",0.681,BASE,173,0.16,0.681
1212,0.0,0.18902350813743218,0.8109764918625678,0.0,"[50,65)",0.453,IIV ID,173,0.16,0.553
1213,0.0,0.0,0.40109589041095894,0.5989041095890411,"[5,9)",0.61,LAIV,173,0.16,0.73
1214,0.33,0.0,0.67,0.0,"[65,106)",0.65,BASE,173,0.16,0.65
1215,0.0,0.0,0.48,0.52,"[9,18)",0.529,BASE,173,0.16,0.529
1216,0.0,0.0,0.704,0.0,"[0.5,2)",0.704,BASE,173,0.16,0.704
1217,0.0,0.01,0.97,0.02,"[18,50)",0.323,BASE,173,0.16,0.323
1218,0.0,0.0,0.48,0.52,"[2,5)",0.681,BASE,174,0.16,0.681
1219,0.0,0.18902350813743218,0.8109764918625678,0.0,"[50,65)",0.453,IIV ID,174,0.16,0.553
1220,0.0,0.0,0.48,0.52,"[5,9)",0.61,BASE,174,0.16,0.61
1221,0.33,0.0,0.67,0.0,"[65,106)",0.65,BASE,174,0.16,0.65
1222,0.0,0.0,0.3912480739599383,0.6087519260400617,"[9,18)",0.529,LAIV,174,0.16,0.649
1223,0.0,0.0,0.704,0.0,"[0.5,2)",0.704,BASE,174,0.16,0.704
1224,0.0,0.3513250517598344,0.6486749482401656,0.0,"[18,50)",0.323,IIV ID,174,0.16,0.483
1225,0.0,0.0,0.48,0.52,"[2,5)",0.681,BASE,175,0.16,0.681
1226,0.0,0.18902350813743218,0.8109764918625678,0.0,"[50,65)",0.453,IIV ID,175,0.16,0.553
1227,0.0,0.0,0.48,0.52,"[5,9)",0.61,BASE,175,0.16,0.61
1228,0.33,0.0,0.67,0.0,"[65,106)",0.65,BASE,175,0.16,0.65
1229,0.0,0.0,0.3912480739599383,0.6087519260400617,"[9,18)",0.529,LAIV,175,0.16,0.649
1230,0.0,0.0,0.704,0.0,"[0.5,2)",0.704,BASE,175,0.16,0.704
1231,0.0,0.0,0.6486749482401656,0.3513250517598344,"[18,50)",0.323,LAIV,175,0.16,0.483
1232,0.0,0.0,0.48,0.52,"[2,5)",0.681,BASE,176,0.16,0.681
1233,0.0,0.18902350813743218,0.8109764918625678,0.0,"[50,65)",0.453,IIV ID,176,0.16,0.553
1234,0.0,0.0,0.48,0.52,"[5,9)",0.61,BASE,176,0.16,0.61
1235,0.33,0.0,0.67,0.0,"[65,106)",0.65,BASE,176,0.16,0.65
1236,0.0,0.0,0.3912480739599383,0.6087519260400617,"[9,18)",0.529,LAIV,176,0.16,0.649
1237,0.0,0.0,0.704,0.0,"[0.5,2)",0.704,BASE,176,0.16,0.704
1238,0.0,0.01,0.97,0.02,"[18,50)",0.323,BASE,176,0.16,0.323
1239,0.0,0.0,0.48,0.52,"[2,5)",0.681,BASE,177,0.16,0.681
1240,0.0,0.18902350813743218,0.8109764918625678,0.0,"[50,65)",0.453,IIV ID,177,0.16,0.553
1241,0.0,0.0,0.48,0.52,"[5,9)",0.61,BASE,177,0.16,0.61
1242,0.33,0.0,0.67,0.0,"[65,106)",0.65,BASE,177,0.16,0.65
1243,0.0,0.0,0.48,0.52,"[9,18)",0.529,BASE,177,0.16,0.529
1244,0.0,0.0,0.704,0.0,"[0.5,2)",0.704,BASE,177,0.16,0.704
1245,0.0,0.3513250517598344,0.6486749482401656,0.0,"[18,50)",0.323,IIV ID,177,0.16,0.483
1246,0.0,0.0,0.48,0.52,"[2,5)",0.681,BASE,178,0.16,0.681
1247,0.0,0.18902350813743218,0.8109764918625678,0.0,"[50,65)",0.453,IIV ID,178,0.16,0.553
1248,0.0,0.0,0.48,0.52,"[5,9)",0.61,BASE,178,0.16,0.61
1249,0.33,0.0,0.67,0.0,"[65,106)",0.65,BASE,178,0.16,0.65
1250,0.0,0.0,0.48,0.52,"[9,18)",0.529,BASE,178,0.16,0.529
1251,0.0,0.0,0.704,0.0,"[0.5,2)",0.704,BASE,178,0.16,0.704
1252,0.0,0.0,0.6486749482401656,0.3513250517598344,"[18,50)",0.323,LAIV,178,0.16,0.483
1253,0.0,0.0,0.48,0.52,"[2,5)",0.681,BASE,179,0.16,0.681
1254,0.0,0.18902350813743218,0.8109764918625678,0.0,"[50,65)",0.453,IIV ID,179,0.16,0.553
1255,0.0,0.0,0.48,0.52,"[5,9)",0.61,BASE,179,0.16,0.61
1256,0.33,0.0,0.67,0.0,"[65,106)",0.65,BASE,179,0.16,0.65
1257,0.0,0.0,0.48,0.52,"[9,18)",0.529,BASE,179,0.16,0.529
1258,0.0,0.0,0.704,0.0,"[0.5,2)",0.704,BASE,179,0.16,0.704
1259,0.0,0.01,0.97,0.02,"[18,50)",0.323,BASE,179,0.16,0.323
1260,0.0,0.0,0.48,0.52,"[2,5)",0.681,BASE,180,0.16,0.681
1261,0.0,0.01,0.99,0.0,"[50,65)",0.453,BASE,180,0.16,0.453
1262,0.0,0.0,0.40109589041095894,0.5989041095890411,"[5,9)",0.61,LAIV,180,0.16,0.73
1263,0.33,0.0,0.67,0.0,"[65,106)",0.65,BASE,180,0.16,0.65
1264,0.0,0.0,0.3912480739599383,0.6087519260400617,"[9,18)",0.529,LAIV,180,0.16,0.649
1265,0.0,0.0,0.704,0.0,"[0.5,2)",0.704,BASE,180,0.16,0.704
1266,0.0,0.3513250517598344,0.6486749482401656,0.0,"[18,50)",0.323,IIV ID,180,0.16,0.483
1267,0.0,0.0,0.48,0.52,"[2,5)",0.681,BASE,181,0.16,0.681
1268,0.0,0.01,0.99,0.0,"[50,65)",0.453,BASE,181,0.16,0.453
1269,0.0,0.0,0.40109589041095894,0.5989041095890411,"[5,9)",0.61,LAIV,181,0.16,0.73
1270,0.33,0.0,0.67,0.0,"[65,106)",0.65,BASE,181,0.16,0.65
1271,0.0,0.0,0.3912480739599383,0.6087519260400617,"[9,18)",0.529,LAIV,181,0.16,0.649
1272,0.0,0.0,0.704,0.0,"[0.5,2)",0.704,BASE,181,0.16,0.704
1273,0.0,0.0,0.6486749482401656,0.3513250517598344,"[18,50)",0.323,LAIV,181,0.16,0.483
1274,0.0,0.0,0.48,0.52,"[2,5)",0.681,BASE,182,0.16,0.681
1275,0.0,0.01,0.99,0.0,"[50,65)",0.453,BASE,182,0.16,0.453
1276,0.0,0.0,0.40109589041095894,0.5989041095890411,"[5,9)",0.61,LAIV,182,0.16,0.73
1277,0.33,0.0,0.67,0.0,"[65,106)",0.65,BASE,182,0.16,0.65
1278,0.0,0.0,0.3912480739599383,0.6087519260400617,"[9,18)",0.529,LAIV,182,0.16,0.649
1279,0.0,0.0,0.704,0.0,"[0.5,2)",0.704,BASE,182,0.16,0.704
1280,0.0,0.01,0.97,0.02,"[18,50)",0.323,BASE,182,0.16,0.323
1281,0.0,0.0,0.48,0.52,"[2,5)",0.681,BASE,183,0.16,0.681
1282,0.0,0.01,0.99,0.0,"[50,65)",0.453,BASE,183,0.16,0.453
1283,0.0,0.0,0.40109589041095894,0.5989041095890411,"[5,9)",0.61,LAIV,183,0.16,0.73
1284,0.33,0.0,0.67,0.0,"[65,106)",0.65,BASE,183,0.16,0.65
1285,0.0,0.0,0.48,0.52,"[9,18)",0.529,BASE,183,0.16,0.529
1286,0.0,0.0,0.704,0.0,"[0.5,2)",0.704,BASE,183,0.16,0.704
1287,0.0,0.3513250517598344,0.6486749482401656,0.0,"[18,50)",0.323,IIV ID,183,0.16,0.483
1288,0.0,0.0,0.48,0.52,"[2,5)",0.681,BASE,184,0.16,0.681
1289,0.0,0.01,0.99,0.0,"[50,65)",0.453,BASE,184,0.16,0.453
1290,0.0,0.0,0.40109589041095894,0.5989041095890411,"[5,9)",0.61,LAIV,184,0.16,0.73
1291,0.33,0.0,0.67,0.0,"[65,106)",0.65,BASE,184,0.16,0.65
1292,0.0,0.0,0.48,0.52,"[9,18)",0.529,BASE,184,0.16,0.529
1293,0.0,0.0,0.704,0.0,"[0.5,2)",0.704,BASE,184,0.16,0.704
1294,0.0,0.0,0.6486749482401656,0.3513250517598344,"[18,50)",0.323,LAIV,184,0.16,0.483
1295,0.0,0.0,0.48,0.52,"[2,5)",0.681,BASE,185,0.16,0.681
1296,0.0,0.01,0.99,0.0,"[50,65)",0.453,BASE,185,0.16,0.453
1297,0.0,0.0,0.40109589041095894,0.5989041095890411,"[5,9)",0.61,LAIV,185,0.16,0.73
1298,0.33,0.0,0.67,0.0,"[65,106)",0.65,BASE,185,0.16,0.65
1299,0.0,0.0,0.48,0.52,"[9,18)",0.529,BASE,185,0.16,0.529
1300,0.0,0.0,0.704,0.0,"[0.5,2)",0.704,BASE,185,0.16,0.704
1301,0.0,0.01,0.97,0.02,"[18,50)",0.323,BASE,185,0.16,0.323
1302,0.0,0.0,0.48,0.52,"[2,5)",0.681,BASE,186,0.16,0.681
1303,0.0,0.01,0.99,0.0,"[50,65)",0.453,BASE,186,0.16,0.453
1304,0.0,0.0,0.48,0.52,"[5,9)",0.61,BASE,186,0.16,0.61
1305,0.33,0.0,0.67,0.0,"[65,106)",0.65,BASE,186,0.16,0.65
1306,0.0,0.0,0.3912480739599383,0.6087519260400617,"[9,18)",0.529,LAIV,186,0.16,0.649
1307,0.0,0.0,0.704,0.0,"[0.5,2)",0.704,BASE,186,0.16,0.704
1308,0.0,0.3513250517598344,0.6486749482401656,0.0,"[18,50)",0.323,IIV ID,186,0.16,0.483
1309,0.0,0.0,0.48,0.52,"[2,5)",0.681,BASE,187,0.16,0.681
1310,0.0,0.01,0.99,0.0,"[50,65)",0.453,BASE,187,0.16,0.453
1311,0.0,0.0,0.48,0.52,"[5,9)",0.61,BASE,187,0.16,0.61
1312,0.33,0.0,0.67,0.0,"[65,106)",0.65,BASE,187,0.16,0.65
1313,0.0,0.0,0.3912480739599383,0.6087519260400617,"[9,18)",0.529,LAIV,187,0.16,0.649
1314,0.0,0.0,0.704,0.0,"[0.5,2)",0.704,BASE,187,0.16,0.704
1315,0.0,0.0,0.6486749482401656,0.3513250517598344,"[18,50)",0.323,LAIV,187,0.16,0.483
1316,0.0,0.0,0.48,0.52,"[2,5)",0.681,BASE,188,0.16,0.681
1317,0.0,0.01,0.99,0.0,"[50,65)",0.453,BASE,188,0.16,0.453
1318,0.0,0.0,0.48,0.52,"[5,9)",0.61,BASE,188,0.16,0.61
1319,0.33,0.0,0.67,0.0,"[65,106)",0.65,BASE,188,0.16,0.65
1320,0.0,0.0,0.3912480739599383,0.6087519260400617,"[9,18)",0.529,LAIV,188,0.16,0.649
1321,0.0,0.0,0.704,0.0,"[0.5,2)",0.704,BASE,188,0.16,0.704
1322,0.0,0.01,0.97,0.02,"[18,50)",0.323,BASE,188,0.16,0.323
1323,0.0,0.0,0.48,0.52,"[2,5)",0.681,BASE,189,0.16,0.681
1324,0.0,0.01,0.99,0.0,"[50,65)",0.453,BASE,189,0.16,0.453
1325,0.0,0.0,0.48,0.52,"[5,9)",0.61,BASE,189,0.16,0.61
1326,0.33,0.0,0.67,0.0,"[65,106)",0.65,BASE,189,0.16,0.65
1327,0.0,0.0,0.48,0.52,"[9,18)",0.529,BASE,189,0.16,0.529
1328,0.0,0.0,0.704,0.0,"[0.5,2)",0.704,BASE,189,0.16,0.704
1329,0.0,0.3513250517598344,0.6486749482401656,0.0,"[18,50)",0.323,IIV ID,189,0.16,0.483
1330,0.0,0.0,0.48,0.52,"[2,5)",0.681,BASE,190,0.16,0.681
1331,0.0,0.01,0.99,0.0,"[50,65)",0.453,BASE,190,0.16,0.453
1332,0.0,0.0,0.48,0.52,"[5,9)",0.61,BASE,190,0.16,0.61
1333,0.33,0.0,0.67,0.0,"[65,106)",0.65,BASE,190,0.16,0.65
1334,0.0,0.0,0.48,0.52,"[9,18)",0.529,BASE,190,0.16,0.529
1335,0.0,0.0,0.704,0.0,"[0.5,2)",0.704,BASE,190,0.16,0.704
1336,0.0,0.0,0.6486749482401656,0.3513250517598344,"[18,50)",0.323,LAIV,190,0.16,0.483
1337,0.0,0.0,0.48,0.52,"[2,5)",0.681,BASE,191,0.16,0.681
1338,0.0,0.01,0.99,0.0,"[50,65)",0.453,BASE,191,0.16,0.453
1339,0.0,0.0,0.48,0.52,"[5,9)",0.61,BASE,191,0.16,0.61
1340,0.33,0.0,0.67,0.0,"[65,106)",0.65,BASE,191,0.16,0.65
1341,0.0,0.0,0.48,0.52,"[9,18)",0.529,BASE,191,0.16,0.529
1342,0.0,0.0,0.704,0.0,"[0.5,2)",0.704,BASE,191,0.16,0.704
1343,0.0,0.01,0.97,0.02,"[18,50)",0.323,BASE,191,0.16,0.323
